assoc_cnpj;assoc_filial;assoc_datmvt;assoc_ass;assoc_desass;assoc_valdev;assoc_valven;assoc_margem;assoc_repres;assoc_metdia;
01141021000190;0000;20240501;AC;ACOUGUE                       ;000000000000.00;000000022307.78;0041.09;0778.00;000000000.00;
01141021000190;0000;20240501;AL;ALIMENTOS                     ;000000000000.00;000000020120.36;0044.50;2036.00;000000000.00;
01141021000190;0000;20240501;BA;BAZAR - SUPER                 ;000000000000.00;000000002351.93;0054.71;5193.00;000000000.00;
01141021000190;0000;20240501;BE;BEBIDAS                       ;000000000000.00;000000014150.64;0023.51;5064.00;000000000.00;
01141021000190;0000;20240501;HO;HORTIFRUTI                    ;000000000000.00;000000010350.26;0036.55;5026.00;000000000.00;
01141021000190;0000;20240501;HP;HIGIENE PESSOAL               ;000000000000.00;000000003382.15;0038.64;8215.00;000000000.00;
01141021000190;0000;20240501;LE;LATICINIOS/EMBUTIDOS          ;000000000000.00;000000010183.30;0042.19;8330.00;000000000.00;
01141021000190;0000;20240501;LI;LIMPEZA                       ;000000000000.00;000000005884.49;0046.33;8449.00;000000000.00;
01141021000190;0000;20240501;PA;PADARIA                       ;000000000000.00;000000007526.18;0055.17;2618.00;000000000.00;
01141021000190;0000;20240501;RP;RACOES PET                    ;000000000000.00;000000000681.14;0041.02;8114.00;000000000.00;
01141021000190;0000;20240501;VE;VESTUARIO                     ;000000000000.00;000000000044.55;0059.54;4455.00;000000000.00;
01141021000190;0000;20240501;XX;TOTAL DO DIA                  ;000000000000.00;000000096982.78;0040.52;8278.00;000000000.00;
01141021000190;0000;20240502;AC;ACOUGUE                       ;000000000000.00;000000039693.72;0040.46;9372.00;000000000.00;
01141021000190;0000;20240502;AL;ALIMENTOS                     ;000000000000.00;000000031633.40;0045.74;3340.00;000000000.00;
01141021000190;0000;20240502;BA;BAZAR - SUPER                 ;000000000000.00;000000005419.21;0054.18;1921.00;000000000.00;
01141021000190;0000;20240502;BE;BEBIDAS                       ;000000000000.00;000000025870.36;0023.11;7036.00;000000000.00;
01141021000190;0000;20240502;HO;HORTIFRUTI                    ;000000000000.00;000000020396.23;0035.50;9623.00;000000000.00;
01141021000190;0000;20240502;HP;HIGIENE PESSOAL               ;000000000000.00;000000006583.05;0038.90;8305.00;000000000.00;
01141021000190;0000;20240502;LE;LATICINIOS/EMBUTIDOS          ;000000000000.00;000000017716.09;0042.21;1609.00;000000000.00;
01141021000190;0000;20240502;LI;LIMPEZA                       ;000000000000.00;000000011446.37;0044.07;4637.00;000000000.00;
01141021000190;0000;20240502;PA;PADARIA                       ;000000000000.00;000000011621.91;0055.08;2191.00;000000000.00;
01141021000190;0000;20240502;RP;RACOES PET                    ;000000000000.00;000000002204.23;0040.29;0423.00;000000000.00;
01141021000190;0000;20240502;VE;VESTUARIO                     ;000000000000.00;000000000299.38;0058.88;9938.00;000000000.00;
01141021000190;0000;20240502;XX;TOTAL DO DIA                  ;000000000000.00;000000172883.95;0040.04;8395.00;000000000.00;
01141021000190;0000;20240503;AC;ACOUGUE                       ;000000000000.00;000000044625.43;0040.92;2543.00;000000000.00;
01141021000190;0000;20240503;AL;ALIMENTOS                     ;000000000000.00;000000027135.13;0045.50;3513.00;000000000.00;
01141021000190;0000;20240503;BA;BAZAR - SUPER                 ;000000000000.00;000000005232.29;0054.57;3229.00;000000000.00;
01141021000190;0000;20240503;BE;BEBIDAS                       ;000000000000.00;000000022187.21;0022.02;8721.00;000000000.00;
01141021000190;0000;20240503;HO;HORTIFRUTI                    ;000000000000.00;000000016512.61;0035.21;1261.00;000000000.00;
01141021000190;0000;20240503;HP;HIGIENE PESSOAL               ;000000000000.00;000000006347.15;0039.35;4715.00;000000000.00;
01141021000190;0000;20240503;LE;LATICINIOS/EMBUTIDOS          ;000000000000.00;000000014702.48;0041.78;0248.00;000000000.00;
01141021000190;0000;20240503;LI;LIMPEZA                       ;000000000000.00;000000010096.40;0046.16;9640.00;000000000.00;
01141021000190;0000;20240503;PA;PADARIA                       ;000000000000.00;000000008752.66;0054.21;5266.00;000000000.00;
01141021000190;0000;20240503;RP;RACOES PET                    ;000000000000.00;000000001570.52;0042.93;7052.00;000000000.00;
01141021000190;0000;20240503;VE;VESTUARIO                     ;000000000000.00;000000000127.87;0057.64;2787.00;000000000.00;
01141021000190;0000;20240503;XX;TOTAL DO DIA                  ;000000000000.00;000000157289.75;0040.02;8975.00;000000000.00;
01141021000190;0000;20240504;AC;ACOUGUE                       ;000000000000.00;000000032033.54;0040.43;3354.00;000000000.00;
01141021000190;0000;20240504;AL;ALIMENTOS                     ;000000000000.00;000000028092.78;0044.35;9278.00;000000000.00;
01141021000190;0000;20240504;BA;BAZAR - SUPER                 ;000000000000.00;000000006729.85;0051.63;2985.00;000000000.00;
01141021000190;0000;20240504;BE;BEBIDAS                       ;000000000000.00;000000018210.20;0023.30;1020.00;000000000.00;
01141021000190;0000;20240504;HO;HORTIFRUTI                    ;000000000000.00;000000012863.05;0036.03;6305.00;000000000.00;
01141021000190;0000;20240504;HP;HIGIENE PESSOAL               ;000000000000.00;000000005175.08;0039.65;7508.00;000000000.00;
01141021000190;0000;20240504;LE;LATICINIOS/EMBUTIDOS          ;000000000000.00;000000013761.96;0043.41;6196.00;000000000.00;
01141021000190;0000;20240504;LI;LIMPEZA                       ;000000000000.00;000000012076.14;0043.37;7614.00;000000000.00;
01141021000190;0000;20240504;PA;PADARIA                       ;000000000000.00;000000009272.99;0054.75;7299.00;000000000.00;
01141021000190;0000;20240504;RP;RACOES PET                    ;000000000000.00;000000001149.08;0042.36;4908.00;000000000.00;
01141021000190;0000;20240504;VE;VESTUARIO                     ;000000000000.00;000000000133.40;0058.00;3340.00;000000000.00;
01141021000190;0000;20240504;XX;TOTAL DO DIA                  ;000000000000.00;000000139498.07;0040.62;9807.00;000000000.00;
01141021000190;0000;20240505;AC;ACOUGUE                       ;000000000000.00;000000029758.05;0039.87;5805.00;000000000.00;
01141021000190;0000;20240505;AL;ALIMENTOS                     ;000000000000.00;000000030786.52;0043.54;8652.00;000000000.00;
01141021000190;0000;20240505;BA;BAZAR - SUPER                 ;000000000000.00;000000006954.29;0053.47;5429.00;000000000.00;
01141021000190;0000;20240505;BE;BEBIDAS                       ;000000000000.00;000000017296.50;0025.08;9650.00;000000000.00;
01141021000190;0000;20240505;HO;HORTIFRUTI                    ;000000000000.00;000000016366.79;0034.67;6679.00;000000000.00;
01141021000190;0000;20240505;HP;HIGIENE PESSOAL               ;000000000000.00;000000005099.70;0038.84;9970.00;000000000.00;
01141021000190;0000;20240505;LE;LATICINIOS/EMBUTIDOS          ;000000000000.00;000000012289.44;0041.88;8944.00;000000000.00;
01141021000190;0000;20240505;LI;LIMPEZA                       ;000000000000.00;000000013660.80;0041.44;6080.00;000000000.00;
01141021000190;0000;20240505;PA;PADARIA                       ;000000000000.00;000000010316.67;0054.58;1667.00;000000000.00;
01141021000190;0000;20240505;RP;RACOES PET                    ;000000000000.00;000000002105.67;0040.77;0567.00;000000000.00;
01141021000190;0000;20240505;VE;VESTUARIO                     ;000000000000.00;000000000155.72;0061.15;5572.00;000000000.00;
01141021000190;0000;20240505;XX;TOTAL DO DIA                  ;000000000000.00;000000144790.15;0040.31;9015.00;000000000.00;
01141021000190;0000;20240506;AC;ACOUGUE                       ;000000000000.00;000000035396.39;0040.29;9639.00;000000000.00;
01141021000190;0000;20240506;AL;ALIMENTOS                     ;000000000000.00;000000037380.24;0043.67;8024.00;000000000.00;
01141021000190;0000;20240506;BA;BAZAR - SUPER                 ;000000000000.00;000000007457.15;0055.24;5715.00;000000000.00;
01141021000190;0000;20240506;BE;BEBIDAS                       ;000000000000.00;000000023564.94;0025.88;6494.00;000000000.00;
01141021000190;0000;20240506;HO;HORTIFRUTI                    ;000000000000.00;000000018028.37;0034.02;2837.00;000000000.00;
01141021000190;0000;20240506;HP;HIGIENE PESSOAL               ;000000000000.00;000000008745.11;0038.53;4511.00;000000000.00;
01141021000190;0000;20240506;LE;LATICINIOS/EMBUTIDOS          ;000000000000.00;000000015052.08;0041.73;5208.00;000000000.00;
01141021000190;0000;20240506;LI;LIMPEZA                       ;000000000000.00;000000016476.17;0039.15;7617.00;000000000.00;
01141021000190;0000;20240506;PA;PADARIA                       ;000000000000.00;000000011184.57;0055.04;8457.00;000000000.00;
01141021000190;0000;20240506;RP;RACOES PET                    ;000000000000.00;000000001771.25;0031.87;7125.00;000000000.00;
01141021000190;0000;20240506;VE;VESTUARIO                     ;000000000000.00;000000000301.93;0058.73;0193.00;000000000.00;
01141021000190;0000;20240506;XX;TOTAL DO DIA                  ;000000000000.00;000000175358.20;0039.88;5820.00;000000000.00;
01141021000190;0000;20240507;AC;ACOUGUE                       ;000000000000.00;000000036000.79;0039.56;0079.00;000000000.00;
01141021000190;0000;20240507;AL;ALIMENTOS                     ;000000000000.00;000000033766.62;0043.65;6662.00;000000000.00;
01141021000190;0000;20240507;BA;BAZAR - SUPER                 ;000000000000.00;000000006064.65;0053.70;6465.00;000000000.00;
01141021000190;0000;20240507;BE;BEBIDAS                       ;000000000000.00;000000025446.11;0026.26;4611.00;000000000.00;
01141021000190;0000;20240507;HO;HORTIFRUTI                    ;000000000000.00;000000014432.45;0035.77;3245.00;000000000.00;
01141021000190;0000;20240507;HP;HIGIENE PESSOAL               ;000000000000.00;000000006383.95;0037.06;8395.00;000000000.00;
01141021000190;0000;20240507;LE;LATICINIOS/EMBUTIDOS          ;000000000000.00;000000014403.96;0042.54;0396.00;000000000.00;
01141021000190;0000;20240507;LI;LIMPEZA                       ;000000000000.00;000000015588.89;0040.57;8889.00;000000000.00;
01141021000190;0000;20240507;PA;PADARIA                       ;000000000000.00;000000009455.44;0053.75;5544.00;000000000.00;
01141021000190;0000;20240507;RP;RACOES PET                    ;000000000000.00;000000001984.45;0036.46;8445.00;000000000.00;
01141021000190;0000;20240507;VE;VESTUARIO                     ;000000000000.00;000000000816.90;0059.42;1690.00;000000000.00;
01141021000190;0000;20240507;XX;TOTAL DO DIA                  ;000000000000.00;000000164344.21;0039.66;4421.00;000000000.00;
01141021000190;0000;20240508;AC;ACOUGUE                       ;000000000000.00;000000028063.73;0040.55;6373.00;000000000.00;
01141021000190;0000;20240508;AL;ALIMENTOS                     ;000000000000.00;000000036232.75;0043.39;3275.00;000000000.00;
01141021000190;0000;20240508;BA;BAZAR - SUPER                 ;000000000000.00;000000006175.10;0053.68;7510.00;000000000.00;
01141021000190;0000;20240508;BE;BEBIDAS                       ;000000000000.00;000000020932.97;0025.57;3297.00;000000000.00;
01141021000190;0000;20240508;HO;HORTIFRUTI                    ;000000000000.00;000000017126.63;0035.62;2663.00;000000000.00;
01141021000190;0000;20240508;HP;HIGIENE PESSOAL               ;000000000000.00;000000006370.42;0037.56;7042.00;000000000.00;
01141021000190;0000;20240508;LE;LATICINIOS/EMBUTIDOS          ;000000000000.00;000000013457.24;0041.59;5724.00;000000000.00;
01141021000190;0000;20240508;LI;LIMPEZA                       ;000000000000.00;000000012299.18;0040.77;9918.00;000000000.00;
01141021000190;0000;20240508;PA;PADARIA                       ;000000000000.00;000000011501.90;0055.24;0190.00;000000000.00;
01141021000190;0000;20240508;RP;RACOES PET                    ;000000000000.00;000000002144.74;0033.59;4474.00;000000000.00;
01141021000190;0000;20240508;VE;VESTUARIO                     ;000000000000.00;000000001969.72;0059.59;6972.00;000000000.00;
01141021000190;0000;20240508;XX;TOTAL DO DIA                  ;000000000000.00;000000156274.38;0040.39;7438.00;000000000.00;
01141021000190;0000;20240509;AC;ACOUGUE                       ;000000000000.00;000000046126.00;0039.63;2600.00;000000000.00;
01141021000190;0000;20240509;AL;ALIMENTOS                     ;000000000000.00;000000045421.43;0043.14;2143.00;000000000.00;
01141021000190;0000;20240509;BA;BAZAR - SUPER                 ;000000000000.00;000000009626.86;0053.82;2686.00;000000000.00;
01141021000190;0000;20240509;BE;BEBIDAS                       ;000000000000.00;000000034955.76;0024.88;5576.00;000000000.00;
01141021000190;0000;20240509;HO;HORTIFRUTI                    ;000000000000.00;000000019187.17;0034.51;8717.00;000000000.00;
01141021000190;0000;20240509;HP;HIGIENE PESSOAL               ;000000000000.00;000000008089.78;0033.93;8978.00;000000000.00;
01141021000190;0000;20240509;LE;LATICINIOS/EMBUTIDOS          ;000000000000.00;000000018683.06;0041.18;8306.00;000000000.00;
01141021000190;0000;20240509;LI;LIMPEZA                       ;000000000000.00;000000014561.11;0041.85;6111.00;000000000.00;
01141021000190;0000;20240509;PA;PADARIA                       ;000000000000.00;000000011052.34;0054.82;5234.00;000000000.00;
01141021000190;0000;20240509;RP;RACOES PET                    ;000000000000.00;000000001701.25;0043.93;0125.00;000000000.00;
01141021000190;0000;20240509;VE;VESTUARIO                     ;000000000000.00;000000002292.30;0059.91;9230.00;000000000.00;
01141021000190;0000;20240509;XX;TOTAL DO DIA                  ;000000000000.00;000000211697.06;0039.24;9706.00;000000000.00;
01141021000190;0000;20240510;AC;ACOUGUE                       ;000000000000.00;000000051113.38;0039.91;1338.00;000000000.00;
01141021000190;0000;20240510;AL;ALIMENTOS                     ;000000000000.00;000000030205.42;0045.05;0542.00;000000000.00;
01141021000190;0000;20240510;BA;BAZAR - SUPER                 ;000000000000.00;000000006423.32;0054.38;2332.00;000000000.00;
01141021000190;0000;20240510;BE;BEBIDAS                       ;000000000000.00;000000028925.02;0023.11;2502.00;000000000.00;
01141021000190;0000;20240510;HO;HORTIFRUTI                    ;000000000000.00;000000016629.77;0032.74;2977.00;000000000.00;
01141021000190;0000;20240510;HP;HIGIENE PESSOAL               ;000000000000.00;000000006740.74;0036.52;4074.00;000000000.00;
01141021000190;0000;20240510;LE;LATICINIOS/EMBUTIDOS          ;000000000000.00;000000015263.74;0041.44;6374.00;000000000.00;
01141021000190;0000;20240510;LI;LIMPEZA                       ;000000000000.00;000000010483.40;0045.91;8340.00;000000000.00;
01141021000190;0000;20240510;PA;PADARIA                       ;000000000000.00;000000009434.23;0054.44;3423.00;000000000.00;
01141021000190;0000;20240510;RP;RACOES PET                    ;000000000000.00;000000001320.05;0040.58;2005.00;000000000.00;
01141021000190;0000;20240510;VE;VESTUARIO                     ;000000000000.00;000000000174.86;0059.06;7486.00;000000000.00;
01141021000190;0000;20240510;XX;TOTAL DO DIA                  ;000000000000.00;000000176713.93;0039.04;1393.00;000000000.00;
01141021000190;0000;20240511;AC;ACOUGUE                       ;000000000000.00;000000024567.94;0039.50;6794.00;000000000.00;
01141021000190;0000;20240511;AL;ALIMENTOS                     ;000000000000.00;000000014723.64;0044.46;2364.00;000000000.00;
01141021000190;0000;20240511;BA;BAZAR - SUPER                 ;000000000000.00;000000002309.41;0055.29;0941.00;000000000.00;
01141021000190;0000;20240511;BE;BEBIDAS                       ;000000000000.00;000000012777.46;0022.70;7746.00;000000000.00;
01141021000190;0000;20240511;HO;HORTIFRUTI                    ;000000000000.00;000000007938.70;0033.99;3870.00;000000000.00;
01141021000190;0000;20240511;HP;HIGIENE PESSOAL               ;000000000000.00;000000003161.05;0035.38;6105.00;000000000.00;
01141021000190;0000;20240511;LE;LATICINIOS/EMBUTIDOS          ;000000000000.00;000000008055.43;0040.95;5543.00;000000000.00;
01141021000190;0000;20240511;LI;LIMPEZA                       ;000000000000.00;000000004079.35;0046.71;7935.00;000000000.00;
01141021000190;0000;20240511;PA;PADARIA                       ;000000000000.00;000000005691.25;0054.88;9125.00;000000000.00;
01141021000190;0000;20240511;RP;RACOES PET                    ;000000000000.00;000000000303.77;0041.55;0377.00;000000000.00;
01141021000190;0000;20240511;VE;VESTUARIO                     ;000000000000.00;000000000075.30;0060.56;7530.00;000000000.00;
01141021000190;0000;20240511;XX;TOTAL DO DIA                  ;000000000000.00;000000083683.30;0039.12;8330.00;000000000.00;
01141021000190;0000;20240512;AC;ACOUGUE                       ;000000000000.00;000000023123.51;0039.67;2351.00;000000000.00;
01141021000190;0000;20240512;AL;ALIMENTOS                     ;000000000000.00;000000017418.89;0046.55;1889.00;000000000.00;
01141021000190;0000;20240512;BA;BAZAR - SUPER                 ;000000000000.00;000000003332.95;0054.77;3295.00;000000000.00;
01141021000190;0000;20240512;BE;BEBIDAS                       ;000000000000.00;000000015003.19;0025.71;0319.00;000000000.00;
01141021000190;0000;20240512;HO;HORTIFRUTI                    ;000000000000.00;000000012557.42;0032.44;5742.00;000000000.00;
01141021000190;0000;20240512;HP;HIGIENE PESSOAL               ;000000000000.00;000000003576.05;0038.17;7605.00;000000000.00;
01141021000190;0000;20240512;LE;LATICINIOS/EMBUTIDOS          ;000000000000.00;000000010913.23;0041.93;1323.00;000000000.00;
01141021000190;0000;20240512;LI;LIMPEZA                       ;000000000000.00;000000005522.08;0047.44;2208.00;000000000.00;
01141021000190;0000;20240512;PA;PADARIA                       ;000000000000.00;000000008100.42;0054.37;0042.00;000000000.00;
01141021000190;0000;20240512;RP;RACOES PET                    ;000000000000.00;000000000806.72;0043.20;0672.00;000000000.00;
01141021000190;0000;20240512;VE;VESTUARIO                     ;000000000000.00;000000000027.90;0056.36;2790.00;000000000.00;
01141021000190;0000;20240512;XX;TOTAL DO DIA                  ;000000000000.00;000000100382.36;0040.21;8236.00;000000000.00;
01141021000190;0000;20240513;AC;ACOUGUE                       ;000000000000.00;000000020467.70;0038.57;6770.00;000000000.00;
01141021000190;0000;20240513;AL;ALIMENTOS                     ;000000000000.00;000000011380.47;0046.01;8047.00;000000000.00;
01141021000190;0000;20240513;BA;BAZAR - SUPER                 ;000000000000.00;000000002141.41;0056.04;4141.00;000000000.00;
01141021000190;0000;20240513;BE;BEBIDAS                       ;000000000000.00;000000009322.82;0023.63;2282.00;000000000.00;
01141021000190;0000;20240513;HO;HORTIFRUTI                    ;000000000000.00;000000007754.46;0032.40;5446.00;000000000.00;
01141021000190;0000;20240513;HP;HIGIENE PESSOAL               ;000000000000.00;000000002630.82;0038.67;3082.00;000000000.00;
01141021000190;0000;20240513;LE;LATICINIOS/EMBUTIDOS          ;000000000000.00;000000005901.20;0043.52;0120.00;000000000.00;
01141021000190;0000;20240513;LI;LIMPEZA                       ;000000000000.00;000000004731.31;0047.99;3131.00;000000000.00;
01141021000190;0000;20240513;PA;PADARIA                       ;000000000000.00;000000004112.08;0054.66;1208.00;000000000.00;
01141021000190;0000;20240513;RP;RACOES PET                    ;000000000000.00;000000000428.37;0044.20;2837.00;000000000.00;
01141021000190;0000;20240513;VE;VESTUARIO                     ;000000000000.00;000000000029.88;0060.63;2988.00;000000000.00;
01141021000190;0000;20240513;XX;TOTAL DO DIA                  ;000000000000.00;000000068900.52;0039.70;0052.00;000000000.00;
01141021000190;0000;20240514;AC;ACOUGUE                       ;000000000000.00;000000024366.60;0039.37;6660.00;000000000.00;
01141021000190;0000;20240514;AL;ALIMENTOS                     ;000000000000.00;000000015387.33;0046.70;8733.00;000000000.00;
01141021000190;0000;20240514;BA;BAZAR - SUPER                 ;000000000000.00;000000002727.56;0055.90;2756.00;000000000.00;
01141021000190;0000;20240514;BE;BEBIDAS                       ;000000000000.00;000000010328.21;0022.64;2821.00;000000000.00;
01141021000190;0000;20240514;HO;HORTIFRUTI                    ;000000000000.00;000000009600.04;0034.77;0004.00;000000000.00;
01141021000190;0000;20240514;HP;HIGIENE PESSOAL               ;000000000000.00;000000002618.88;0038.91;1888.00;000000000.00;
01141021000190;0000;20240514;LE;LATICINIOS/EMBUTIDOS          ;000000000000.00;000000007984.38;0043.16;8438.00;000000000.00;
01141021000190;0000;20240514;LI;LIMPEZA                       ;000000000000.00;000000005052.63;0048.30;5263.00;000000000.00;
01141021000190;0000;20240514;PA;PADARIA                       ;000000000000.00;000000005590.10;0054.05;9010.00;000000000.00;
01141021000190;0000;20240514;RP;RACOES PET                    ;000000000000.00;000000000585.47;0039.66;8547.00;000000000.00;
01141021000190;0000;20240514;VE;VESTUARIO                     ;000000000000.00;000000000034.90;0056.55;3490.00;000000000.00;
01141021000190;0000;20240514;XX;TOTAL DO DIA                  ;000000000000.00;000000084276.10;0040.53;7610.00;000000000.00;
01141021000190;0000;20240515;AC;ACOUGUE                       ;000000000000.00;000000013528.82;0040.94;2882.00;000000000.00;
01141021000190;0000;20240515;AL;ALIMENTOS                     ;000000000000.00;000000014927.78;0045.73;2778.00;000000000.00;
01141021000190;0000;20240515;BA;BAZAR - SUPER                 ;000000000000.00;000000002973.21;0055.24;7321.00;000000000.00;
01141021000190;0000;20240515;BE;BEBIDAS                       ;000000000000.00;000000007950.34;0027.43;5034.00;000000000.00;
01141021000190;0000;20240515;HO;HORTIFRUTI                    ;000000000000.00;000000009474.53;0036.43;7453.00;000000000.00;
01141021000190;0000;20240515;HP;HIGIENE PESSOAL               ;000000000000.00;000000003044.98;0039.09;4498.00;000000000.00;
01141021000190;0000;20240515;LE;LATICINIOS/EMBUTIDOS          ;000000000000.00;000000007594.77;0042.89;9477.00;000000000.00;
01141021000190;0000;20240515;LI;LIMPEZA                       ;000000000000.00;000000005083.21;0044.23;8321.00;000000000.00;
01141021000190;0000;20240515;PA;PADARIA                       ;000000000000.00;000000007083.99;0054.24;8399.00;000000000.00;
01141021000190;0000;20240515;RP;RACOES PET                    ;000000000000.00;000000000872.11;0043.99;7211.00;000000000.00;
01141021000190;0000;20240515;VE;VESTUARIO                     ;000000000000.00;000000000098.15;0059.56;9815.00;000000000.00;
01141021000190;0000;20240515;XX;TOTAL DO DIA                  ;000000000000.00;000000072631.89;0042.15;3189.00;000000000.00;
01141021000190;0000;20240516;AC;ACOUGUE                       ;000000000000.00;000000016638.49;0040.47;3849.00;000000000.00;
01141021000190;0000;20240516;AL;ALIMENTOS                     ;000000000000.00;000000015028.36;0045.23;2836.00;000000000.00;
01141021000190;0000;20240516;BA;BAZAR - SUPER                 ;000000000000.00;000000003244.94;0054.28;4494.00;000000000.00;
01141021000190;0000;20240516;BE;BEBIDAS                       ;000000000000.00;000000010171.67;0026.16;7167.00;000000000.00;
01141021000190;0000;20240516;HO;HORTIFRUTI                    ;000000000000.00;000000011042.42;0033.98;4242.00;000000000.00;
01141021000190;0000;20240516;HP;HIGIENE PESSOAL               ;000000000000.00;000000003595.87;0037.82;9587.00;000000000.00;
01141021000190;0000;20240516;LE;LATICINIOS/EMBUTIDOS          ;000000000000.00;000000007678.42;0042.62;7842.00;000000000.00;
01141021000190;0000;20240516;LI;LIMPEZA                       ;000000000000.00;000000004427.65;0045.46;2765.00;000000000.00;
01141021000190;0000;20240516;PA;PADARIA                       ;000000000000.00;000000007520.73;0055.14;2073.00;000000000.00;
01141021000190;0000;20240516;RP;RACOES PET                    ;000000000000.00;000000001206.18;0040.06;0618.00;000000000.00;
01141021000190;0000;20240516;VE;VESTUARIO                     ;000000000000.00;000000000202.77;0059.70;0277.00;000000000.00;
01141021000190;0000;20240516;XX;TOTAL DO DIA                  ;000000000000.00;000000080757.50;0040.98;5750.00;000000000.00;
01141021000190;0000;20240517;AC;ACOUGUE                       ;000000000000.00;000000026058.47;0040.12;5847.00;000000000.00;
01141021000190;0000;20240517;AL;ALIMENTOS                     ;000000000000.00;000000020589.52;0045.51;8952.00;000000000.00;
01141021000190;0000;20240517;BA;BAZAR - SUPER                 ;000000000000.00;000000003922.33;0055.10;2233.00;000000000.00;
01141021000190;0000;20240517;BE;BEBIDAS                       ;000000000000.00;000000012742.78;0025.07;4278.00;000000000.00;
01141021000190;0000;20240517;HO;HORTIFRUTI                    ;000000000000.00;000000010845.54;0035.04;4554.00;000000000.00;
01141021000190;0000;20240517;HP;HIGIENE PESSOAL               ;000000000000.00;000000004010.12;0038.43;1012.00;000000000.00;
01141021000190;0000;20240517;LE;LATICINIOS/EMBUTIDOS          ;000000000000.00;000000009792.07;0042.81;9207.00;000000000.00;
01141021000190;0000;20240517;LI;LIMPEZA                       ;000000000000.00;000000006462.22;0048.50;6222.00;000000000.00;
01141021000190;0000;20240517;PA;PADARIA                       ;000000000000.00;000000007370.80;0054.37;7080.00;000000000.00;
01141021000190;0000;20240517;RP;RACOES PET                    ;000000000000.00;000000001007.93;0043.83;0793.00;000000000.00;
01141021000190;0000;20240517;VE;VESTUARIO                     ;000000000000.00;000000000166.59;0057.29;6659.00;000000000.00;
01141021000190;0000;20240517;XX;TOTAL DO DIA                  ;000000000000.00;000000102968.37;0041.17;6837.00;000000000.00;
01141021000190;0000;20240518;AC;ACOUGUE                       ;000000000000.00;000000022782.51;0040.73;8251.00;000000000.00;
01141021000190;0000;20240518;AL;ALIMENTOS                     ;000000000000.00;000000014288.43;0044.06;8843.00;000000000.00;
01141021000190;0000;20240518;BA;BAZAR - SUPER                 ;000000000000.00;000000001954.14;0054.91;5414.00;000000000.00;
01141021000190;0000;20240518;BE;BEBIDAS                       ;000000000000.00;000000011391.34;0022.38;9134.00;000000000.00;
01141021000190;0000;20240518;HO;HORTIFRUTI                    ;000000000000.00;000000008406.06;0035.56;0606.00;000000000.00;
01141021000190;0000;20240518;HP;HIGIENE PESSOAL               ;000000000000.00;000000002397.56;0039.34;9756.00;000000000.00;
01141021000190;0000;20240518;LE;LATICINIOS/EMBUTIDOS          ;000000000000.00;000000006441.83;0041.90;4183.00;000000000.00;
01141021000190;0000;20240518;LI;LIMPEZA                       ;000000000000.00;000000003462.43;0049.18;6243.00;000000000.00;
01141021000190;0000;20240518;PA;PADARIA                       ;000000000000.00;000000005338.58;0053.87;3858.00;000000000.00;
01141021000190;0000;20240518;RP;RACOES PET                    ;000000000000.00;000000000915.34;0043.31;1534.00;000000000.00;
01141021000190;0000;20240518;VE;VESTUARIO                     ;000000000000.00;000000000020.89;0057.19;2089.00;000000000.00;
01141021000190;0000;20240518;XX;TOTAL DO DIA                  ;000000000000.00;000000077399.11;0039.81;9911.00;000000000.00;
01141021000190;0000;20240519;AC;ACOUGUE                       ;000000000000.00;000000015870.39;0040.57;7039.00;000000000.00;
01141021000190;0000;20240519;AL;ALIMENTOS                     ;000000000000.00;000000013954.63;0045.29;5463.00;000000000.00;
01141021000190;0000;20240519;BA;BAZAR - SUPER                 ;000000000000.00;000000003390.41;0054.38;9041.00;000000000.00;
01141021000190;0000;20240519;BE;BEBIDAS                       ;000000000000.00;000000010577.60;0025.01;7760.00;000000000.00;
01141021000190;0000;20240519;HO;HORTIFRUTI                    ;000000000000.00;000000010579.95;0034.65;7995.00;000000000.00;
01141021000190;0000;20240519;HP;HIGIENE PESSOAL               ;000000000000.00;000000002953.46;0037.71;5346.00;000000000.00;
01141021000190;0000;20240519;LE;LATICINIOS/EMBUTIDOS          ;000000000000.00;000000008422.88;0043.73;2288.00;000000000.00;
01141021000190;0000;20240519;LI;LIMPEZA                       ;000000000000.00;000000004896.23;0047.63;9623.00;000000000.00;
01141021000190;0000;20240519;PA;PADARIA                       ;000000000000.00;000000006652.14;0054.54;5214.00;000000000.00;
01141021000190;0000;20240519;RP;RACOES PET                    ;000000000000.00;000000000834.53;0041.75;3453.00;000000000.00;
01141021000190;0001;20240519;XX;TOTAL DO DIA                  ;000000000000.00;000000078132.22;0040.98;0005.78;000043548.38;
01141021000190;0001;20240501;AC;ACOUGUE                       ;000000000000.00;000000013968.08;0041.53;0001.03;000000000.00;
01141021000190;0001;20240501;AL;ALIMENTOS                     ;000000000000.00;000000010037.75;0045.41;0000.74;000000000.00;
01141021000190;0001;20240501;BA;BAZAR - SUPER                 ;000000000000.00;000000001339.65;0054.64;0000.09;000000000.00;
01141021000190;0001;20240501;BE;BEBIDAS                       ;000000000000.00;000000007881.23;0021.08;0000.58;000000000.00;
01141021000190;0001;20240501;HO;HORTIFRUTI                    ;000000000000.00;000000005653.14;0035.94;0000.41;000000000.00;
01141021000190;0001;20240501;HP;HIGIENE PESSOAL               ;000000000000.00;000000001827.15;0038.44;0000.13;000000000.00;
01141021000190;0001;20240501;LE;LATICINIOS/EMBUTIDOS          ;000000000000.00;000000005441.13;0042.80;0000.40;000000000.00;
01141021000190;0001;20240501;LI;LIMPEZA                       ;000000000000.00;000000003554.08;0045.08;0000.26;000000000.00;
01141021000190;0001;20240501;PA;PADARIA                       ;000000000000.00;000000004403.58;0055.19;0000.32;000000000.00;
01141021000190;0001;20240501;RP;RACOES PET                    ;000000000000.00;000000000427.70;0039.17;0000.03;000000000.00;
01141021000190;0001;20240501;VE;VESTUARIO                     ;000000000000.00;000000000008.15;0061.70;0000.00;000000000.00;
01141021000190;0001;20240501;XX;TOTAL DO DIA                  ;000000000000.00;000000054541.64;0040.37;0004.04;000043548.38;
01141021000190;0001;20240502;AC;ACOUGUE                       ;000000000000.00;000000021802.76;0040.51;0001.61;000000000.00;
01141021000190;0001;20240502;AL;ALIMENTOS                     ;000000000000.00;000000015324.83;0044.66;0001.13;000000000.00;
01141021000190;0001;20240502;BA;BAZAR - SUPER                 ;000000000000.00;000000002662.88;0052.96;0000.19;000000000.00;
01141021000190;0001;20240502;BE;BEBIDAS                       ;000000000000.00;000000015217.94;0020.66;0001.12;000000000.00;
01141021000190;0001;20240502;HO;HORTIFRUTI                    ;000000000000.00;000000008884.36;0035.49;0000.65;000000000.00;
01141021000190;0001;20240502;HP;HIGIENE PESSOAL               ;000000000000.00;000000003503.59;0038.70;0000.25;000000000.00;
01141021000190;0001;20240502;LE;LATICINIOS/EMBUTIDOS          ;000000000000.00;000000008536.24;0041.54;0000.63;000000000.00;
01141021000190;0001;20240502;LI;LIMPEZA                       ;000000000000.00;000000006560.97;0040.83;0000.48;000000000.00;
01141021000190;0001;20240502;PA;PADARIA                       ;000000000000.00;000000004546.16;0055.42;0000.33;000000000.00;
01141021000190;0001;20240502;RP;RACOES PET                    ;000000000000.00;000000000647.01;0043.04;0000.04;000000000.00;
01141021000190;0001;20240502;VE;VESTUARIO                     ;000000000000.00;000000000110.13;0059.96;0000.00;000000000.00;
01141021000190;0001;20240502;XX;TOTAL DO DIA                  ;000000000000.00;000000087796.87;0038.53;0006.50;000043548.38;
01141021000190;0001;20240503;AC;ACOUGUE                       ;000000000000.00;000000017120.46;0042.05;0001.26;000000000.00;
01141021000190;0001;20240503;AL;ALIMENTOS                     ;000000000000.00;000000008299.77;0042.16;0000.61;000000000.00;
01141021000190;0001;20240503;BA;BAZAR - SUPER                 ;000000000000.00;000000001980.72;0052.71;0000.14;000000000.00;
01141021000190;0001;20240503;BE;BEBIDAS                       ;000000000000.00;000000007124.84;0018.54;0000.52;000000000.00;
01141021000190;0001;20240503;HO;HORTIFRUTI                    ;000000000000.00;000000003198.64;0034.88;0000.23;000000000.00;
01141021000190;0001;20240503;HP;HIGIENE PESSOAL               ;000000000000.00;000000001864.24;0038.68;0000.13;000000000.00;
01141021000190;0001;20240503;LE;LATICINIOS/EMBUTIDOS          ;000000000000.00;000000003751.70;0041.92;0000.27;000000000.00;
01141021000190;0001;20240503;LI;LIMPEZA                       ;000000000000.00;000000003859.75;0041.25;0000.28;000000000.00;
01141021000190;0001;20240503;PA;PADARIA                       ;000000000000.00;000000001732.46;0051.81;0000.12;000000000.00;
01141021000190;0001;20240503;RP;RACOES PET                    ;000000000000.00;000000000528.68;0039.78;0000.03;000000000.00;
01141021000190;0001;20240503;XX;TOTAL DO DIA                  ;000000000000.00;000000049461.26;0038.76;0003.66;000043548.38;
01141021000190;0001;20240504;AC;ACOUGUE                       ;000000000000.00;000000006165.32;0043.01;0000.45;000000000.00;
01141021000190;0001;20240504;AL;ALIMENTOS                     ;000000000000.00;000000014436.79;0042.30;0001.06;000000000.00;
01141021000190;0001;20240504;BA;BAZAR - SUPER                 ;000000000000.00;000000004148.41;0050.47;0000.30;000000000.00;
01141021000190;0001;20240504;BE;BEBIDAS                       ;000000000000.00;000000005321.92;0023.17;0000.39;000000000.00;
01141021000190;0001;20240504;HO;HORTIFRUTI                    ;000000000000.00;000000004581.86;0036.52;0000.33;000000000.00;
01141021000190;0001;20240504;HP;HIGIENE PESSOAL               ;000000000000.00;000000002333.67;0037.71;0000.17;000000000.00;
01141021000190;0001;20240504;LE;LATICINIOS/EMBUTIDOS          ;000000000000.00;000000005046.03;0043.19;0000.37;000000000.00;
01141021000190;0001;20240504;LI;LIMPEZA                       ;000000000000.00;000000007317.43;0038.83;0000.54;000000000.00;
01141021000190;0001;20240504;PA;PADARIA                       ;000000000000.00;000000003735.73;0054.60;0000.27;000000000.00;
01141021000190;0001;20240504;RP;RACOES PET                    ;000000000000.00;000000000491.26;0042.62;0000.03;000000000.00;
01141021000190;0001;20240504;VE;VESTUARIO                     ;000000000000.00;000000000093.50;0057.15;0000.00;000000000.00;
01141021000190;0001;20240504;XX;TOTAL DO DIA                  ;000000000000.00;000000053671.92;0040.91;0003.97;000043548.38;
01141021000190;0001;20240505;AC;ACOUGUE                       ;000000000000.00;000000010129.10;0039.88;0000.75;000000000.00;
01141021000190;0001;20240505;AL;ALIMENTOS                     ;000000000000.00;000000015545.02;0040.37;0001.15;000000000.00;
01141021000190;0001;20240505;BA;BAZAR - SUPER                 ;000000000000.00;000000003899.59;0052.76;0000.28;000000000.00;
01141021000190;0001;20240505;BE;BEBIDAS                       ;000000000000.00;000000006742.69;0023.32;0000.49;000000000.00;
01141021000190;0001;20240505;HO;HORTIFRUTI                    ;000000000000.00;000000004721.35;0035.69;0000.34;000000000.00;
01141021000190;0001;20240505;HP;HIGIENE PESSOAL               ;000000000000.00;000000001965.29;0037.27;0000.14;000000000.00;
01141021000190;0001;20240505;LE;LATICINIOS/EMBUTIDOS          ;000000000000.00;000000003700.58;0042.12;0000.27;000000000.00;
01141021000190;0001;20240505;LI;LIMPEZA                       ;000000000000.00;000000008485.70;0037.53;0000.62;000000000.00;
01141021000190;0001;20240505;PA;PADARIA                       ;000000000000.00;000000003525.27;0053.89;0000.26;000000000.00;
01141021000190;0001;20240505;RP;RACOES PET                    ;000000000000.00;000000001223.37;0037.80;0000.09;000000000.00;
01141021000190;0001;20240505;VE;VESTUARIO                     ;000000000000.00;000000000056.78;0064.32;0000.00;000000000.00;
01141021000190;0001;20240505;XX;TOTAL DO DIA                  ;000000000000.00;000000059994.74;0039.17;0004.44;000043548.38;
01141021000190;0001;20240506;AC;ACOUGUE                       ;000000000000.00;000000010150.33;0040.53;0000.75;000000000.00;
01141021000190;0001;20240506;AL;ALIMENTOS                     ;000000000000.00;000000017623.84;0040.60;0001.30;000000000.00;
01141021000190;0001;20240506;BA;BAZAR - SUPER                 ;000000000000.00;000000004495.13;0054.94;0000.33;000000000.00;
01141021000190;0001;20240506;BE;BEBIDAS                       ;000000000000.00;000000009673.57;0023.92;0000.71;000000000.00;
01141021000190;0001;20240506;HO;HORTIFRUTI                    ;000000000000.00;000000005275.26;0036.28;0000.39;000000000.00;
01141021000190;0001;20240506;HP;HIGIENE PESSOAL               ;000000000000.00;000000003451.22;0037.90;0000.25;000000000.00;
01141021000190;0001;20240506;LE;LATICINIOS/EMBUTIDOS          ;000000000000.00;000000004473.29;0042.13;0000.33;000000000.00;
01141021000190;0001;20240506;LI;LIMPEZA                       ;000000000000.00;000000009359.52;0031.97;0000.69;000000000.00;
01141021000190;0001;20240506;PA;PADARIA                       ;000000000000.00;000000004115.97;0055.15;0000.30;000000000.00;
01141021000190;0001;20240506;RP;RACOES PET                    ;000000000000.00;000000000841.79;0022.66;0000.06;000000000.00;
01141021000190;0001;20240506;VE;VESTUARIO                     ;000000000000.00;000000000215.78;0058.36;0000.01;000000000.00;
01141021000190;0001;20240506;XX;TOTAL DO DIA                  ;000000000000.00;000000069675.70;0038.37;0005.16;000043548.38;
01141021000190;0001;20240507;AC;ACOUGUE                       ;000000000000.00;000000009600.42;0039.26;0000.71;000000000.00;
01141021000190;0001;20240507;AL;ALIMENTOS                     ;000000000000.00;000000020181.57;0041.74;0001.49;000000000.00;
01141021000190;0001;20240507;BA;BAZAR - SUPER                 ;000000000000.00;000000003099.80;0053.07;0000.22;000000000.00;
01141021000190;0001;20240507;BE;BEBIDAS                       ;000000000000.00;000000013705.40;0028.67;0001.01;000000000.00;
01141021000190;0001;20240507;HO;HORTIFRUTI                    ;000000000000.00;000000005445.31;0035.99;0000.40;000000000.00;
01141021000190;0001;20240507;HP;HIGIENE PESSOAL               ;000000000000.00;000000003330.65;0035.14;0000.24;000000000.00;
01141021000190;0001;20240507;LE;LATICINIOS/EMBUTIDOS          ;000000000000.00;000000006519.51;0042.66;0000.48;000000000.00;
01141021000190;0001;20240507;LI;LIMPEZA                       ;000000000000.00;000000010440.28;0036.13;0000.77;000000000.00;
01141021000190;0001;20240507;PA;PADARIA                       ;000000000000.00;000000003965.54;0053.88;0000.29;000000000.00;
01141021000190;0001;20240507;RP;RACOES PET                    ;000000000000.00;000000001239.51;0032.77;0000.09;000000000.00;
01141021000190;0001;20240507;VE;VESTUARIO                     ;000000000000.00;000000000679.50;0059.96;0000.05;000000000.00;
01141021000190;0001;20240507;XX;TOTAL DO DIA                  ;000000000000.00;000000078207.49;0038.87;0005.79;000043548.38;
01141021000190;0001;20240508;AC;ACOUGUE                       ;000000000000.00;000000013355.60;0040.56;0000.98;000000000.00;
01141021000190;0001;20240508;AL;ALIMENTOS                     ;000000000000.00;000000019389.23;0041.62;0001.43;000000000.00;
01141021000190;0001;20240508;BA;BAZAR - SUPER                 ;000000000000.00;000000003318.18;0052.55;0000.24;000000000.00;
01141021000190;0001;20240508;BE;BEBIDAS                       ;000000000000.00;000000011295.97;0024.45;0000.83;000000000.00;
01141021000190;0001;20240508;HO;HORTIFRUTI                    ;000000000000.00;000000005867.06;0034.86;0000.43;000000000.00;
01141021000190;0001;20240508;HP;HIGIENE PESSOAL               ;000000000000.00;000000002856.95;0037.50;0000.21;000000000.00;
01141021000190;0001;20240508;LE;LATICINIOS/EMBUTIDOS          ;000000000000.00;000000005616.04;0041.34;0000.41;000000000.00;
01141021000190;0001;20240508;LI;LIMPEZA                       ;000000000000.00;000000006247.15;0037.18;0000.46;000000000.00;
01141021000190;0001;20240508;PA;PADARIA                       ;000000000000.00;000000004586.58;0055.27;0000.33;000000000.00;
01141021000190;0001;20240508;RP;RACOES PET                    ;000000000000.00;000000000978.13;0025.99;0000.07;000000000.00;
01141021000190;0001;20240508;VE;VESTUARIO                     ;000000000000.00;000000001877.52;0059.70;0000.13;000000000.00;
01141021000190;0001;20240508;XX;TOTAL DO DIA                  ;000000000000.00;000000075388.41;0039.34;0005.58;000043548.38;
01141021000190;0001;20240509;AC;ACOUGUE                       ;000000000000.00;000000022829.74;0039.06;0001.69;000000000.00;
01141021000190;0001;20240509;AL;ALIMENTOS                     ;000000000000.00;000000028784.63;0041.31;0002.13;000000000.00;
01141021000190;0001;20240509;BA;BAZAR - SUPER                 ;000000000000.00;000000006827.43;0052.66;0000.50;000000000.00;
01141021000190;0001;20240509;BE;BEBIDAS                       ;000000000000.00;000000019178.57;0024.85;0001.42;000000000.00;
01141021000190;0001;20240509;HO;HORTIFRUTI                    ;000000000000.00;000000007717.45;0036.64;0000.57;000000000.00;
01141021000190;0001;20240509;HP;HIGIENE PESSOAL               ;000000000000.00;000000004939.59;0031.11;0000.36;000000000.00;
01141021000190;0001;20240509;LE;LATICINIOS/EMBUTIDOS          ;000000000000.00;000000008817.39;0040.77;0000.65;000000000.00;
01141021000190;0001;20240509;LI;LIMPEZA                       ;000000000000.00;000000009668.03;0039.62;0000.71;000000000.00;
01141021000190;0001;20240509;PA;PADARIA                       ;000000000000.00;000000003719.35;0054.85;0000.27;000000000.00;
01141021000190;0001;20240509;RP;RACOES PET                    ;000000000000.00;000000000753.71;0042.76;0000.05;000000000.00;
01141021000190;0001;20240509;VE;VESTUARIO                     ;000000000000.00;000000002292.30;0059.91;0000.16;000000000.00;
01141021000190;0001;20240509;XX;TOTAL DO DIA                  ;000000000000.00;000000115528.19;0038.68;0008.55;000043548.38;
01141021000190;0001;20240510;AC;ACOUGUE                       ;000000000000.00;000000017333.91;0038.69;0001.28;000000000.00;
01141021000190;0001;20240510;AL;ALIMENTOS                     ;000000000000.00;000000009119.30;0042.51;0000.67;000000000.00;
01141021000190;0001;20240510;BA;BAZAR - SUPER                 ;000000000000.00;000000001955.05;0052.22;0000.14;000000000.00;
01141021000190;0001;20240510;BE;BEBIDAS                       ;000000000000.00;000000007488.06;0022.68;0000.55;000000000.00;
01141021000190;0001;20240510;HO;HORTIFRUTI                    ;000000000000.00;000000002599.74;0035.57;0000.19;000000000.00;
01141021000190;0001;20240510;HP;HIGIENE PESSOAL               ;000000000000.00;000000001965.24;0031.62;0000.14;000000000.00;
01141021000190;0001;20240510;LE;LATICINIOS/EMBUTIDOS          ;000000000000.00;000000003553.73;0040.84;0000.26;000000000.00;
01141021000190;0001;20240510;LI;LIMPEZA                       ;000000000000.00;000000002841.24;0043.30;0000.21;000000000.00;
01141021000190;0001;20240510;PA;PADARIA                       ;000000000000.00;000000001707.23;0055.06;0000.12;000000000.00;
01141021000190;0001;20240510;RP;RACOES PET                    ;000000000000.00;000000000194.00;0042.53;0000.01;000000000.00;
01141021000190;0001;20240510;VE;VESTUARIO                     ;000000000000.00;000000000164.11;0059.04;0000.01;000000000.00;
01141021000190;0001;20240510;XX;TOTAL DO DIA                  ;000000000000.00;000000048921.61;0038.12;0003.62;000043548.38;
01141021000190;0001;20240516;AL;ALIMENTOS                     ;000000000000.00;000000000194.34;0024.04;0000.01;000000000.00;
01141021000190;0001;20240516;BE;BEBIDAS                       ;000000000000.00;000000000269.40;0051.40;0000.01;000000000.00;
01141021000190;0001;20240516;HP;HIGIENE PESSOAL               ;000000000000.00;000000000117.90;0036.32;0000.00;000000000.00;
01141021000190;0001;20240516;RP;RACOES PET                    ;000000000000.00;000000000412.50;0036.98;0000.03;000000000.00;
01141021000190;0001;20240516;XX;TOTAL DO DIA                  ;000000000000.00;000000000994.14;0038.27;0000.07;000043548.38;
01141021000190;0001;20240517;AL;ALIMENTOS                     ;000000000000.00;000000000109.78;0032.65;0000.00;000000000.00;
01141021000190;0001;20240517;XX;TOTAL DO DIA                  ;000000000000.00;000000000109.78;0032.64;0000.00;000043548.38;
01141021000190;0001;20240519;AL;ALIMENTOS                     ;000000000000.00;000000000059.88;0032.65;0000.00;000000000.00;
01141021000190;0002;20240519;XX;TOTAL DO DIA                  ;000000000000.00;000000000059.88;0032.64;0000.00;000059677.41;
01141021000190;0002;20240502;AC;ACOUGUE                       ;000000000000.00;000000006301.16;0042.59;0000.34;000000000.00;
01141021000190;0002;20240502;AL;ALIMENTOS                     ;000000000000.00;000000008091.51;0047.24;0000.43;000000000.00;
01141021000190;0002;20240502;BA;BAZAR - SUPER                 ;000000000000.00;000000001583.30;0054.79;0000.08;000000000.00;
01141021000190;0002;20240502;BE;BEBIDAS                       ;000000000000.00;000000002516.76;0030.52;0000.13;000000000.00;
01141021000190;0002;20240502;HO;HORTIFRUTI                    ;000000000000.00;000000005670.00;0036.48;0000.30;000000000.00;
01141021000190;0002;20240502;HP;HIGIENE PESSOAL               ;000000000000.00;000000001501.11;0039.08;0000.08;000000000.00;
01141021000190;0002;20240502;LE;LATICINIOS/EMBUTIDOS          ;000000000000.00;000000004132.05;0045.43;0000.22;000000000.00;
01141021000190;0002;20240502;LI;LIMPEZA                       ;000000000000.00;000000002096.47;0050.92;0000.11;000000000.00;
01141021000190;0002;20240502;PA;PADARIA                       ;000000000000.00;000000003511.60;0054.39;0000.18;000000000.00;
01141021000190;0002;20240502;RP;RACOES PET                    ;000000000000.00;000000000763.25;0039.96;0000.04;000000000.00;
01141021000190;0002;20240502;VE;VESTUARIO                     ;000000000000.00;000000000189.25;0058.25;0000.01;000000000.00;
01141021000190;0002;20240502;XX;TOTAL DO DIA                  ;000000000000.00;000000036356.46;0044.19;0001.96;000059677.41;
01141021000190;0002;20240503;AC;ACOUGUE                       ;000000000000.00;000000007480.99;0041.33;0000.40;000000000.00;
01141021000190;0002;20240503;AL;ALIMENTOS                     ;000000000000.00;000000007229.22;0046.67;0000.39;000000000.00;
01141021000190;0002;20240503;BA;BAZAR - SUPER                 ;000000000000.00;000000001581.34;0056.79;0000.08;000000000.00;
01141021000190;0002;20240503;BE;BEBIDAS                       ;000000000000.00;000000002985.64;0027.86;0000.16;000000000.00;
01141021000190;0002;20240503;HO;HORTIFRUTI                    ;000000000000.00;000000005440.71;0036.54;0000.29;000000000.00;
01141021000190;0002;20240503;HP;HIGIENE PESSOAL               ;000000000000.00;000000001626.28;0040.64;0000.08;000000000.00;
01141021000190;0002;20240503;LE;LATICINIOS/EMBUTIDOS          ;000000000000.00;000000003995.40;0044.12;0000.21;000000000.00;
01141021000190;0002;20240503;LI;LIMPEZA                       ;000000000000.00;000000002943.98;0050.63;0000.15;000000000.00;
01141021000190;0002;20240503;PA;PADARIA                       ;000000000000.00;000000002977.60;0055.35;0000.16;000000000.00;
01141021000190;0002;20240503;RP;RACOES PET                    ;000000000000.00;000000000304.75;0044.53;0000.01;000000000.00;
01141021000190;0002;20240503;VE;VESTUARIO                     ;000000000000.00;000000000055.80;0056.36;0000.00;000000000.00;
01141021000190;0002;20240503;XX;TOTAL DO DIA                  ;000000000000.00;000000036621.71;0043.45;0001.97;000059677.41;
01141021000190;0002;20240504;AC;ACOUGUE                       ;000000000000.00;000000009866.07;0038.66;0000.53;000000000.00;
01141021000190;0002;20240504;AL;ALIMENTOS                     ;000000000000.00;000000007222.29;0046.58;0000.39;000000000.00;
01141021000190;0002;20240504;BA;BAZAR - SUPER                 ;000000000000.00;000000001603.70;0051.53;0000.08;000000000.00;
01141021000190;0002;20240504;BE;BEBIDAS                       ;000000000000.00;000000005737.45;0024.32;0000.31;000000000.00;
01141021000190;0002;20240504;HO;HORTIFRUTI                    ;000000000000.00;000000003936.98;0036.68;0000.21;000000000.00;
01141021000190;0002;20240504;HP;HIGIENE PESSOAL               ;000000000000.00;000000001487.09;0042.05;0000.08;000000000.00;
01141021000190;0002;20240504;LE;LATICINIOS/EMBUTIDOS          ;000000000000.00;000000003834.23;0044.94;0000.20;000000000.00;
01141021000190;0002;20240504;LI;LIMPEZA                       ;000000000000.00;000000002850.19;0050.79;0000.15;000000000.00;
01141021000190;0002;20240504;PA;PADARIA                       ;000000000000.00;000000003566.49;0056.51;0000.19;000000000.00;
01141021000190;0002;20240504;RP;RACOES PET                    ;000000000000.00;000000000381.75;0043.53;0000.02;000000000.00;
01141021000190;0002;20240504;VE;VESTUARIO                     ;000000000000.00;000000000039.90;0060.00;0000.00;000000000.00;
01141021000190;0002;20240504;XX;TOTAL DO DIA                  ;000000000000.00;000000040526.14;0041.56;0002.19;000059677.41;
01141021000190;0002;20240505;AC;ACOUGUE                       ;000000000000.00;000000013498.03;0039.20;0000.72;000000000.00;
01141021000190;0002;20240505;AL;ALIMENTOS                     ;000000000000.00;000000008507.03;0046.82;0000.45;000000000.00;
01141021000190;0002;20240505;BA;BAZAR - SUPER                 ;000000000000.00;000000002123.04;0054.45;0000.11;000000000.00;
01141021000190;0002;20240505;BE;BEBIDAS                       ;000000000000.00;000000007822.79;0026.27;0000.42;000000000.00;
01141021000190;0002;20240505;HO;HORTIFRUTI                    ;000000000000.00;000000006693.99;0032.43;0000.36;000000000.00;
01141021000190;0002;20240505;HP;HIGIENE PESSOAL               ;000000000000.00;000000001614.85;0040.77;0000.08;000000000.00;
01141021000190;0002;20240505;LE;LATICINIOS/EMBUTIDOS          ;000000000000.00;000000004804.56;0042.34;0000.25;000000000.00;
01141021000190;0002;20240505;LI;LIMPEZA                       ;000000000000.00;000000003045.76;0047.62;0000.16;000000000.00;
01141021000190;0002;20240505;PA;PADARIA                       ;000000000000.00;000000003911.32;0054.91;0000.21;000000000.00;
01141021000190;0002;20240505;RP;RACOES PET                    ;000000000000.00;000000000405.82;0046.94;0000.02;000000000.00;
01141021000190;0002;20240505;VE;VESTUARIO                     ;000000000000.00;000000000098.94;0059.33;0000.00;000000000.00;
01141021000190;0002;20240505;XX;TOTAL DO DIA                  ;000000000000.00;000000052526.13;0040.35;0002.83;000059677.41;
01141021000190;0002;20240506;AC;ACOUGUE                       ;000000000000.00;000000019192.09;0039.71;0001.03;000000000.00;
01141021000190;0002;20240506;AL;ALIMENTOS                     ;000000000000.00;000000012751.14;0046.72;0000.68;000000000.00;
01141021000190;0002;20240506;BA;BAZAR - SUPER                 ;000000000000.00;000000002055.18;0055.26;0000.11;000000000.00;
01141021000190;0002;20240506;BE;BEBIDAS                       ;000000000000.00;000000010381.61;0026.98;0000.56;000000000.00;
01141021000190;0002;20240506;HO;HORTIFRUTI                    ;000000000000.00;000000007386.33;0031.56;0000.39;000000000.00;
01141021000190;0002;20240506;HP;HIGIENE PESSOAL               ;000000000000.00;000000003102.11;0039.40;0000.16;000000000.00;
01141021000190;0002;20240506;LE;LATICINIOS/EMBUTIDOS          ;000000000000.00;000000006908.80;0042.54;0000.37;000000000.00;
01141021000190;0002;20240506;LI;LIMPEZA                       ;000000000000.00;000000004546.02;0048.47;0000.24;000000000.00;
01141021000190;0002;20240506;PA;PADARIA                       ;000000000000.00;000000003849.55;0054.86;0000.20;000000000.00;
01141021000190;0002;20240506;RP;RACOES PET                    ;000000000000.00;000000000513.85;0044.56;0000.02;000000000.00;
01141021000190;0002;20240506;VE;VESTUARIO                     ;000000000000.00;000000000086.15;0059.65;0000.00;000000000.00;
01141021000190;0002;20240506;XX;TOTAL DO DIA                  ;000000000000.00;000000070772.83;0040.41;0003.82;000059677.41;
01141021000190;0002;20240507;AC;ACOUGUE                       ;000000000000.00;000000018107.10;0039.40;0000.97;000000000.00;
01141021000190;0002;20240507;AL;ALIMENTOS                     ;000000000000.00;000000006145.47;0047.10;0000.33;000000000.00;
01141021000190;0002;20240507;BA;BAZAR - SUPER                 ;000000000000.00;000000001438.23;0054.00;0000.07;000000000.00;
01141021000190;0002;20240507;BE;BEBIDAS                       ;000000000000.00;000000006670.73;0021.93;0000.36;000000000.00;
01141021000190;0002;20240507;HO;HORTIFRUTI                    ;000000000000.00;000000003440.83;0033.51;0000.18;000000000.00;
01141021000190;0002;20240507;HP;HIGIENE PESSOAL               ;000000000000.00;000000000917.78;0040.03;0000.04;000000000.00;
01141021000190;0002;20240507;LE;LATICINIOS/EMBUTIDOS          ;000000000000.00;000000004267.40;0043.15;0000.23;000000000.00;
01141021000190;0002;20240507;LI;LIMPEZA                       ;000000000000.00;000000002524.64;0050.86;0000.13;000000000.00;
01141021000190;0002;20240507;PA;PADARIA                       ;000000000000.00;000000002131.06;0052.04;0000.11;000000000.00;
01141021000190;0002;20240507;RP;RACOES PET                    ;000000000000.00;000000000350.22;0044.40;0000.01;000000000.00;
01141021000190;0002;20240507;XX;TOTAL DO DIA                  ;000000000000.00;000000045993.46;0039.52;0002.48;000059677.41;
01141021000190;0002;20240508;AC;ACOUGUE                       ;000000000000.00;000000006848.95;0040.81;0000.37;000000000.00;
01141021000190;0002;20240508;AL;ALIMENTOS                     ;000000000000.00;000000006891.48;0047.37;0000.37;000000000.00;
01141021000190;0002;20240508;BA;BAZAR - SUPER                 ;000000000000.00;000000001534.00;0054.95;0000.08;000000000.00;
01141021000190;0002;20240508;BE;BEBIDAS                       ;000000000000.00;000000003245.52;0029.11;0000.17;000000000.00;
01141021000190;0002;20240508;HO;HORTIFRUTI                    ;000000000000.00;000000006239.35;0035.07;0000.33;000000000.00;
01141021000190;0002;20240508;HP;HIGIENE PESSOAL               ;000000000000.00;000000001558.19;0037.93;0000.08;000000000.00;
01141021000190;0002;20240508;LE;LATICINIOS/EMBUTIDOS          ;000000000000.00;000000003570.40;0041.76;0000.19;000000000.00;
01141021000190;0002;20240508;LI;LIMPEZA                       ;000000000000.00;000000002975.46;0046.68;0000.16;000000000.00;
01141021000190;0002;20240508;PA;PADARIA                       ;000000000000.00;000000003382.98;0054.97;0000.18;000000000.00;
01141021000190;0002;20240508;RP;RACOES PET                    ;000000000000.00;000000000415.18;0042.70;0000.02;000000000.00;
01141021000190;0002;20240508;XX;TOTAL DO DIA                  ;000000000000.00;000000036661.51;0042.39;0001.98;000059677.41;
01141021000190;0002;20240509;AC;ACOUGUE                       ;000000000000.00;000000006443.52;0041.90;0000.34;000000000.00;
01141021000190;0002;20240509;AL;ALIMENTOS                     ;000000000000.00;000000006700.38;0046.03;0000.36;000000000.00;
01141021000190;0002;20240509;BA;BAZAR - SUPER                 ;000000000000.00;000000001533.52;0057.12;0000.08;000000000.00;
01141021000190;0002;20240509;BE;BEBIDAS                       ;000000000000.00;000000003804.04;0027.44;0000.20;000000000.00;
01141021000190;0002;20240509;HO;HORTIFRUTI                    ;000000000000.00;000000004803.94;0032.91;0000.25;000000000.00;
01141021000190;0002;20240509;HP;HIGIENE PESSOAL               ;000000000000.00;000000001145.82;0038.07;0000.06;000000000.00;
01141021000190;0002;20240509;LE;LATICINIOS/EMBUTIDOS          ;000000000000.00;000000003703.91;0042.15;0000.20;000000000.00;
01141021000190;0002;20240509;LI;LIMPEZA                       ;000000000000.00;000000002154.14;0046.52;0000.11;000000000.00;
01141021000190;0002;20240509;PA;PADARIA                       ;000000000000.00;000000003357.49;0055.72;0000.18;000000000.00;
01141021000190;0002;20240509;RP;RACOES PET                    ;000000000000.00;000000000227.50;0043.62;0000.01;000000000.00;
01141021000190;0002;20240509;XX;TOTAL DO DIA                  ;000000000000.00;000000033874.26;0042.08;0001.83;000059677.41;
01141021000190;0002;20240510;AC;ACOUGUE                       ;000000000000.00;000000007156.44;0041.91;0000.38;000000000.00;
01141021000190;0002;20240510;AL;ALIMENTOS                     ;000000000000.00;000000006536.78;0046.04;0000.35;000000000.00;
01141021000190;0002;20240510;BA;BAZAR - SUPER                 ;000000000000.00;000000001502.04;0054.19;0000.08;000000000.00;
01141021000190;0002;20240510;BE;BEBIDAS                       ;000000000000.00;000000004182.47;0024.92;0000.22;000000000.00;
01141021000190;0002;20240510;HO;HORTIFRUTI                    ;000000000000.00;000000003870.07;0036.49;0000.20;000000000.00;
01141021000190;0002;20240510;HP;HIGIENE PESSOAL               ;000000000000.00;000000001669.69;0037.50;0000.09;000000000.00;
01141021000190;0002;20240510;LE;LATICINIOS/EMBUTIDOS          ;000000000000.00;000000003465.88;0041.86;0000.18;000000000.00;
01141021000190;0002;20240510;LI;LIMPEZA                       ;000000000000.00;000000002575.12;0048.83;0000.13;000000000.00;
01141021000190;0002;20240510;PA;PADARIA                       ;000000000000.00;000000003138.75;0055.06;0000.16;000000000.00;
01141021000190;0002;20240510;RP;RACOES PET                    ;000000000000.00;000000000382.13;0040.36;0000.02;000000000.00;
01141021000190;0002;20240510;XX;TOTAL DO DIA                  ;000000000000.00;000000034479.37;0042.03;0001.86;000059677.41;
01141021000190;0002;20240511;AC;ACOUGUE                       ;000000000000.00;000000008601.57;0039.91;0000.46;000000000.00;
01141021000190;0002;20240511;AL;ALIMENTOS                     ;000000000000.00;000000008765.92;0042.32;0000.47;000000000.00;
01141021000190;0002;20240511;BA;BAZAR - SUPER                 ;000000000000.00;000000001489.46;0055.51;0000.08;000000000.00;
01141021000190;0002;20240511;BE;BEBIDAS                       ;000000000000.00;000000004377.05;0025.29;0000.23;000000000.00;
01141021000190;0002;20240511;HO;HORTIFRUTI                    ;000000000000.00;000000004057.05;0034.71;0000.21;000000000.00;
01141021000190;0002;20240511;HP;HIGIENE PESSOAL               ;000000000000.00;000000001548.76;0032.66;0000.08;000000000.00;
01141021000190;0002;20240511;LE;LATICINIOS/EMBUTIDOS          ;000000000000.00;000000003563.14;0042.57;0000.19;000000000.00;
01141021000190;0002;20240511;LI;LIMPEZA                       ;000000000000.00;000000002103.04;0045.68;0000.11;000000000.00;
01141021000190;0002;20240511;PA;PADARIA                       ;000000000000.00;000000003845.69;0056.32;0000.20;000000000.00;
01141021000190;0002;20240511;RP;RACOES PET                    ;000000000000.00;000000000233.97;0041.28;0000.01;000000000.00;
01141021000190;0002;20240511;XX;TOTAL DO DIA                  ;000000000000.00;000000038585.65;0040.76;0002.08;000059677.41;
01141021000190;0002;20240512;AC;ACOUGUE                       ;000000000000.00;000000013043.05;0039.69;0000.70;000000000.00;
01141021000190;0002;20240512;AL;ALIMENTOS                     ;000000000000.00;000000008094.06;0046.21;0000.43;000000000.00;
01141021000190;0002;20240512;BA;BAZAR - SUPER                 ;000000000000.00;000000002037.13;0054.35;0000.11;000000000.00;
01141021000190;0002;20240512;BE;BEBIDAS                       ;000000000000.00;000000007341.13;0024.16;0000.39;000000000.00;
01141021000190;0002;20240512;HO;HORTIFRUTI                    ;000000000000.00;000000006429.99;0032.09;0000.34;000000000.00;
01141021000190;0002;20240512;HP;HIGIENE PESSOAL               ;000000000000.00;000000001856.31;0038.64;0000.10;000000000.00;
01141021000190;0002;20240512;LE;LATICINIOS/EMBUTIDOS          ;000000000000.00;000000004613.45;0042.71;0000.24;000000000.00;
01141021000190;0002;20240512;LI;LIMPEZA                       ;000000000000.00;000000002809.83;0048.09;0000.15;000000000.00;
01141021000190;0002;20240512;PA;PADARIA                       ;000000000000.00;000000003988.41;0054.25;0000.21;000000000.00;
01141021000190;0002;20240512;RP;RACOES PET                    ;000000000000.00;000000000422.58;0043.58;0000.02;000000000.00;
01141021000190;0002;20240512;VE;VESTUARIO                     ;000000000000.00;000000000027.90;0056.36;0000.00;000000000.00;
01141021000190;0002;20240512;XX;TOTAL DO DIA                  ;000000000000.00;000000050663.84;0039.99;0002.73;000059677.41;
01141021000190;0002;20240513;AC;ACOUGUE                       ;000000000000.00;000000020467.70;0038.57;0001.10;000000000.00;
01141021000190;0002;20240513;AL;ALIMENTOS                     ;000000000000.00;000000011380.47;0046.01;0000.61;000000000.00;
01141021000190;0002;20240513;BA;BAZAR - SUPER                 ;000000000000.00;000000002141.41;0056.04;0000.11;000000000.00;
01141021000190;0002;20240513;BE;BEBIDAS                       ;000000000000.00;000000009322.82;0023.63;0000.50;000000000.00;
01141021000190;0002;20240513;HO;HORTIFRUTI                    ;000000000000.00;000000007754.46;0032.40;0000.41;000000000.00;
01141021000190;0002;20240513;HP;HIGIENE PESSOAL               ;000000000000.00;000000002630.82;0038.67;0000.14;000000000.00;
01141021000190;0002;20240513;LE;LATICINIOS/EMBUTIDOS          ;000000000000.00;000000005901.20;0043.52;0000.31;000000000.00;
01141021000190;0002;20240513;LI;LIMPEZA                       ;000000000000.00;000000004731.31;0047.99;0000.25;000000000.00;
01141021000190;0002;20240513;PA;PADARIA                       ;000000000000.00;000000004112.08;0054.66;0000.22;000000000.00;
01141021000190;0002;20240513;RP;RACOES PET                    ;000000000000.00;000000000428.37;0044.20;0000.02;000000000.00;
01141021000190;0002;20240513;VE;VESTUARIO                     ;000000000000.00;000000000029.88;0060.63;0000.00;000000000.00;
01141021000190;0002;20240513;XX;TOTAL DO DIA                  ;000000000000.00;000000068900.52;0039.70;0003.72;000059677.41;
01141021000190;0002;20240514;AC;ACOUGUE                       ;000000000000.00;000000017232.84;0038.63;0000.93;000000000.00;
01141021000190;0002;20240514;AL;ALIMENTOS                     ;000000000000.00;000000005947.33;0046.15;0000.32;000000000.00;
01141021000190;0002;20240514;BA;BAZAR - SUPER                 ;000000000000.00;000000001224.24;0055.37;0000.06;000000000.00;
01141021000190;0002;20240514;BE;BEBIDAS                       ;000000000000.00;000000007478.50;0021.46;0000.40;000000000.00;
01141021000190;0002;20240514;HO;HORTIFRUTI                    ;000000000000.00;000000003613.43;0032.86;0000.19;000000000.00;
01141021000190;0002;20240514;HP;HIGIENE PESSOAL               ;000000000000.00;000000000913.43;0040.33;0000.04;000000000.00;
01141021000190;0002;20240514;LE;LATICINIOS/EMBUTIDOS          ;000000000000.00;000000004070.71;0042.55;0000.22;000000000.00;
01141021000190;0002;20240514;LI;LIMPEZA                       ;000000000000.00;000000002704.24;0048.73;0000.14;000000000.00;
01141021000190;0002;20240514;PA;PADARIA                       ;000000000000.00;000000002016.68;0051.62;0000.10;000000000.00;
01141021000190;0002;20240514;RP;RACOES PET                    ;000000000000.00;000000000127.98;0044.71;0000.00;000000000.00;
01141021000190;0002;20240514;XX;TOTAL DO DIA                  ;000000000000.00;000000045329.38;0038.35;0002.45;000059677.41;
01141021000190;0002;20240515;AC;ACOUGUE                       ;000000000000.00;000000006532.35;0041.78;0000.35;000000000.00;
01141021000190;0002;20240515;AL;ALIMENTOS                     ;000000000000.00;000000005970.07;0045.81;0000.32;000000000.00;
01141021000190;0002;20240515;BA;BAZAR - SUPER                 ;000000000000.00;000000001619.45;0056.88;0000.08;000000000.00;
01141021000190;0002;20240515;BE;BEBIDAS                       ;000000000000.00;000000003521.61;0025.01;0000.19;000000000.00;
01141021000190;0002;20240515;HO;HORTIFRUTI                    ;000000000000.00;000000004494.79;0035.33;0000.24;000000000.00;
01141021000190;0002;20240515;HP;HIGIENE PESSOAL               ;000000000000.00;000000001432.59;0040.13;0000.07;000000000.00;
01141021000190;0002;20240515;LE;LATICINIOS/EMBUTIDOS          ;000000000000.00;000000003776.80;0041.96;0000.20;000000000.00;
01141021000190;0002;20240515;LI;LIMPEZA                       ;000000000000.00;000000001853.73;0045.62;0000.10;000000000.00;
01141021000190;0002;20240515;PA;PADARIA                       ;000000000000.00;000000002895.96;0053.91;0000.15;000000000.00;
01141021000190;0002;20240515;RP;RACOES PET                    ;000000000000.00;000000000507.40;0045.83;0000.02;000000000.00;
01141021000190;0002;20240515;VE;VESTUARIO                     ;000000000000.00;000000000098.15;0059.56;0000.00;000000000.00;
01141021000190;0002;20240515;XX;TOTAL DO DIA                  ;000000000000.00;000000032702.90;0041.92;0001.76;000059677.41;
01141021000190;0002;20240516;AC;ACOUGUE                       ;000000000000.00;000000005891.39;0040.53;0000.31;000000000.00;
01141021000190;0002;20240516;AL;ALIMENTOS                     ;000000000000.00;000000006235.76;0046.63;0000.33;000000000.00;
01141021000190;0002;20240516;BA;BAZAR - SUPER                 ;000000000000.00;000000001510.66;0054.01;0000.08;000000000.00;
01141021000190;0002;20240516;BE;BEBIDAS                       ;000000000000.00;000000003537.38;0025.29;0000.19;000000000.00;
01141021000190;0002;20240516;HO;HORTIFRUTI                    ;000000000000.00;000000005281.62;0032.76;0000.28;000000000.00;
01141021000190;0002;20240516;HP;HIGIENE PESSOAL               ;000000000000.00;000000001473.03;0038.02;0000.07;000000000.00;
01141021000190;0002;20240516;LE;LATICINIOS/EMBUTIDOS          ;000000000000.00;000000003138.46;0043.30;0000.16;000000000.00;
01141021000190;0002;20240516;LI;LIMPEZA                       ;000000000000.00;000000002083.32;0046.83;0000.11;000000000.00;
01141021000190;0002;20240516;PA;PADARIA                       ;000000000000.00;000000003165.57;0055.02;0000.17;000000000.00;
01141021000190;0002;20240516;RP;RACOES PET                    ;000000000000.00;000000000385.51;0040.83;0000.02;000000000.00;
01141021000190;0002;20240516;VE;VESTUARIO                     ;000000000000.00;000000000096.71;0058.80;0000.00;000000000.00;
01141021000190;0002;20240516;XX;TOTAL DO DIA                  ;000000000000.00;000000032799.41;0041.42;0001.77;000059677.41;
01141021000190;0002;20240517;AC;ACOUGUE                       ;000000000000.00;000000006563.98;0041.88;0000.35;000000000.00;
01141021000190;0002;20240517;AL;ALIMENTOS                     ;000000000000.00;000000006410.20;0045.18;0000.34;000000000.00;
01141021000190;0002;20240517;BA;BAZAR - SUPER                 ;000000000000.00;000000001033.27;0053.74;0000.05;000000000.00;
01141021000190;0002;20240517;BE;BEBIDAS                       ;000000000000.00;000000002836.69;0028.07;0000.15;000000000.00;
01141021000190;0002;20240517;HO;HORTIFRUTI                    ;000000000000.00;000000003666.50;0036.20;0000.19;000000000.00;
01141021000190;0002;20240517;HP;HIGIENE PESSOAL               ;000000000000.00;000000001167.12;0038.01;0000.06;000000000.00;
01141021000190;0002;20240517;LE;LATICINIOS/EMBUTIDOS          ;000000000000.00;000000002828.52;0045.32;0000.15;000000000.00;
01141021000190;0002;20240517;LI;LIMPEZA                       ;000000000000.00;000000001881.28;0049.99;0000.10;000000000.00;
01141021000190;0002;20240517;PA;PADARIA                       ;000000000000.00;000000003221.40;0054.55;0000.17;000000000.00;
01141021000190;0002;20240517;RP;RACOES PET                    ;000000000000.00;000000000463.20;0045.38;0000.02;000000000.00;
01141021000190;0002;20240517;VE;VESTUARIO                     ;000000000000.00;000000000115.74;0055.98;0000.00;000000000.00;
01141021000190;0002;20240517;XX;TOTAL DO DIA                  ;000000000000.00;000000030187.90;0043.13;0001.63;000059677.41;
01141021000190;0002;20240518;AC;ACOUGUE                       ;000000000000.00;000000006299.94;0041.44;0000.34;000000000.00;
01141021000190;0002;20240518;AL;ALIMENTOS                     ;000000000000.00;000000008036.01;0043.46;0000.43;000000000.00;
01141021000190;0002;20240518;BA;BAZAR - SUPER                 ;000000000000.00;000000000811.01;0054.78;0000.04;000000000.00;
01141021000190;0002;20240518;BE;BEBIDAS                       ;000000000000.00;000000005006.72;0023.33;0000.27;000000000.00;
01141021000190;0002;20240518;HO;HORTIFRUTI                    ;000000000000.00;000000004795.64;0036.45;0000.25;000000000.00;
01141021000190;0002;20240518;HP;HIGIENE PESSOAL               ;000000000000.00;000000001460.50;0040.28;0000.07;000000000.00;
01141021000190;0002;20240518;LE;LATICINIOS/EMBUTIDOS          ;000000000000.00;000000003353.38;0042.93;0000.18;000000000.00;
01141021000190;0002;20240518;LI;LIMPEZA                       ;000000000000.00;000000001553.28;0048.94;0000.08;000000000.00;
01141021000190;0002;20240518;PA;PADARIA                       ;000000000000.00;000000003743.36;0054.75;0000.20;000000000.00;
01141021000190;0002;20240518;RP;RACOES PET                    ;000000000000.00;000000000554.20;0043.64;0000.02;000000000.00;
01141021000190;0002;20240518;XX;TOTAL DO DIA                  ;000000000000.00;000000035614.04;0040.83;0001.92;000059677.41;
01141021000190;0002;20240519;AC;ACOUGUE                       ;000000000000.00;000000010476.15;0039.87;0000.56;000000000.00;
01141021000190;0002;20240519;AL;ALIMENTOS                     ;000000000000.00;000000007113.74;0045.49;0000.38;000000000.00;
01141021000190;0002;20240519;BA;BAZAR - SUPER                 ;000000000000.00;000000001484.11;0055.46;0000.08;000000000.00;
01141021000190;0002;20240519;BE;BEBIDAS                       ;000000000000.00;000000007417.62;0023.20;0000.40;000000000.00;
01141021000190;0002;20240519;HO;HORTIFRUTI                    ;000000000000.00;000000005599.28;0033.84;0000.30;000000000.00;
01141021000190;0002;20240519;HP;HIGIENE PESSOAL               ;000000000000.00;000000001361.35;0036.60;0000.07;000000000.00;
01141021000190;0002;20240519;LE;LATICINIOS/EMBUTIDOS          ;000000000000.00;000000005105.48;0044.12;0000.27;000000000.00;
01141021000190;0002;20240519;LI;LIMPEZA                       ;000000000000.00;000000002632.64;0048.47;0000.14;000000000.00;
01141021000190;0002;20240519;PA;PADARIA                       ;000000000000.00;000000003484.17;0055.17;0000.18;000000000.00;
01141021000190;0002;20240519;RP;RACOES PET                    ;000000000000.00;000000000405.44;0040.63;0000.02;000000000.00;
01141021000190;0003;20240519;XX;TOTAL DO DIA                  ;000000000000.00;000000045079.98;0039.85;0002.69;000053870.96;
01141021000190;0003;20240501;AC;ACOUGUE                       ;000000000000.00;000000008339.70;0040.36;0000.49;000000000.00;
01141021000190;0003;20240501;AL;ALIMENTOS                     ;000000000000.00;000000010082.61;0043.59;0000.60;000000000.00;
01141021000190;0003;20240501;BA;BAZAR - SUPER                 ;000000000000.00;000000001012.28;0054.80;0000.06;000000000.00;
01141021000190;0003;20240501;BE;BEBIDAS                       ;000000000000.00;000000006269.41;0026.58;0000.37;000000000.00;
01141021000190;0003;20240501;HO;HORTIFRUTI                    ;000000000000.00;000000004697.12;0037.29;0000.28;000000000.00;
01141021000190;0003;20240501;HP;HIGIENE PESSOAL               ;000000000000.00;000000001555.00;0038.88;0000.09;000000000.00;
01141021000190;0003;20240501;LE;LATICINIOS/EMBUTIDOS          ;000000000000.00;000000004742.17;0041.48;0000.28;000000000.00;
01141021000190;0003;20240501;LI;LIMPEZA                       ;000000000000.00;000000002330.41;0048.24;0000.13;000000000.00;
01141021000190;0003;20240501;PA;PADARIA                       ;000000000000.00;000000003122.60;0055.15;0000.18;000000000.00;
01141021000190;0003;20240501;RP;RACOES PET                    ;000000000000.00;000000000253.44;0044.14;0000.01;000000000.00;
01141021000190;0003;20240501;VE;VESTUARIO                     ;000000000000.00;000000000036.40;0059.05;0000.00;000000000.00;
01141021000190;0003;20240501;XX;TOTAL DO DIA                  ;000000000000.00;000000042441.14;0040.72;0002.54;000053870.96;
01141021000190;0003;20240502;AC;ACOUGUE                       ;000000000000.00;000000011589.80;0039.19;0000.69;000000000.00;
01141021000190;0003;20240502;AL;ALIMENTOS                     ;000000000000.00;000000008217.06;0046.28;0000.49;000000000.00;
01141021000190;0003;20240502;BA;BAZAR - SUPER                 ;000000000000.00;000000001173.03;0056.14;0000.07;000000000.00;
01141021000190;0003;20240502;BE;BEBIDAS                       ;000000000000.00;000000008135.66;0025.41;0000.48;000000000.00;
01141021000190;0003;20240502;HO;HORTIFRUTI                    ;000000000000.00;000000005841.87;0034.55;0000.34;000000000.00;
01141021000190;0003;20240502;HP;HIGIENE PESSOAL               ;000000000000.00;000000001578.35;0039.17;0000.09;000000000.00;
01141021000190;0003;20240502;LE;LATICINIOS/EMBUTIDOS          ;000000000000.00;000000005047.80;0040.70;0000.30;000000000.00;
01141021000190;0003;20240502;LI;LIMPEZA                       ;000000000000.00;000000002788.93;0046.53;0000.16;000000000.00;
01141021000190;0003;20240502;PA;PADARIA                       ;000000000000.00;000000003564.15;0055.31;0000.21;000000000.00;
01141021000190;0003;20240502;RP;RACOES PET                    ;000000000000.00;000000000793.97;0038.35;0000.04;000000000.00;
01141021000190;0003;20240502;XX;TOTAL DO DIA                  ;000000000000.00;000000048730.62;0039.67;0002.91;000053870.96;
01141021000190;0003;20240503;AC;ACOUGUE                       ;000000000000.00;000000020023.98;0039.80;0001.19;000000000.00;
01141021000190;0003;20240503;AL;ALIMENTOS                     ;000000000000.00;000000011606.14;0047.16;0000.69;000000000.00;
01141021000190;0003;20240503;BA;BAZAR - SUPER                 ;000000000000.00;000000001670.23;0054.67;0000.10;000000000.00;
01141021000190;0003;20240503;BE;BEBIDAS                       ;000000000000.00;000000012076.73;0022.62;0000.72;000000000.00;
01141021000190;0003;20240503;HO;HORTIFRUTI                    ;000000000000.00;000000007873.26;0034.42;0000.47;000000000.00;
01141021000190;0003;20240503;HP;HIGIENE PESSOAL               ;000000000000.00;000000002856.63;0039.06;0000.17;000000000.00;
01141021000190;0003;20240503;LE;LATICINIOS/EMBUTIDOS          ;000000000000.00;000000006955.38;0040.36;0000.41;000000000.00;
01141021000190;0003;20240503;LI;LIMPEZA                       ;000000000000.00;000000003292.67;0047.90;0000.19;000000000.00;
01141021000190;0003;20240503;PA;PADARIA                       ;000000000000.00;000000004042.60;0054.39;0000.24;000000000.00;
01141021000190;0003;20240503;RP;RACOES PET                    ;000000000000.00;000000000737.09;0044.53;0000.04;000000000.00;
01141021000190;0003;20240503;VE;VESTUARIO                     ;000000000000.00;000000000072.07;0058.63;0000.00;000000000.00;
01141021000190;0003;20240503;XX;TOTAL DO DIA                  ;000000000000.00;000000071206.78;0039.13;0004.26;000053870.96;
01141021000190;0003;20240504;AC;ACOUGUE                       ;000000000000.00;000000016002.15;0040.52;0000.95;000000000.00;
01141021000190;0003;20240504;AL;ALIMENTOS                     ;000000000000.00;000000006433.70;0046.42;0000.38;000000000.00;
01141021000190;0003;20240504;BA;BAZAR - SUPER                 ;000000000000.00;000000000977.74;0056.69;0000.05;000000000.00;
01141021000190;0003;20240504;BE;BEBIDAS                       ;000000000000.00;000000007150.83;0022.58;0000.42;000000000.00;
01141021000190;0003;20240504;HO;HORTIFRUTI                    ;000000000000.00;000000004344.21;0034.93;0000.26;000000000.00;
01141021000190;0003;20240504;HP;HIGIENE PESSOAL               ;000000000000.00;000000001354.32;0040.36;0000.08;000000000.00;
01141021000190;0003;20240504;LE;LATICINIOS/EMBUTIDOS          ;000000000000.00;000000004881.70;0042.44;0000.29;000000000.00;
01141021000190;0003;20240504;LI;LIMPEZA                       ;000000000000.00;000000001908.52;0049.68;0000.11;000000000.00;
01141021000190;0003;20240504;PA;PADARIA                       ;000000000000.00;000000001970.77;0051.84;0000.11;000000000.00;
01141021000190;0003;20240504;RP;RACOES PET                    ;000000000000.00;000000000276.07;0040.29;0000.01;000000000.00;
01141021000190;0003;20240504;XX;TOTAL DO DIA                  ;000000000000.00;000000045300.01;0039.41;0002.71;000053870.96;
01141021000190;0003;20240505;AC;ACOUGUE                       ;000000000000.00;000000006130.92;0041.33;0000.36;000000000.00;
01141021000190;0003;20240505;AL;ALIMENTOS                     ;000000000000.00;000000006734.47;0046.70;0000.40;000000000.00;
01141021000190;0003;20240505;BA;BAZAR - SUPER                 ;000000000000.00;000000000931.66;0054.22;0000.05;000000000.00;
01141021000190;0003;20240505;BE;BEBIDAS                       ;000000000000.00;000000002731.02;0026.02;0000.16;000000000.00;
01141021000190;0003;20240505;HO;HORTIFRUTI                    ;000000000000.00;000000004951.45;0036.73;0000.29;000000000.00;
01141021000190;0003;20240505;HP;HIGIENE PESSOAL               ;000000000000.00;000000001519.56;0038.81;0000.09;000000000.00;
01141021000190;0003;20240505;LE;LATICINIOS/EMBUTIDOS          ;000000000000.00;000000003784.30;0041.07;0000.22;000000000.00;
01141021000190;0003;20240505;LI;LIMPEZA                       ;000000000000.00;000000002129.34;0048.18;0000.12;000000000.00;
01141021000190;0003;20240505;PA;PADARIA                       ;000000000000.00;000000002880.08;0054.98;0000.17;000000000.00;
01141021000190;0003;20240505;RP;RACOES PET                    ;000000000000.00;000000000476.48;0043.16;0000.02;000000000.00;
01141021000190;0003;20240505;XX;TOTAL DO DIA                  ;000000000000.00;000000032269.28;0042.36;0001.93;000053870.96;
01141021000190;0003;20240506;AC;ACOUGUE                       ;000000000000.00;000000006053.97;0041.70;0000.36;000000000.00;
01141021000190;0003;20240506;AL;ALIMENTOS                     ;000000000000.00;000000007005.26;0045.84;0000.41;000000000.00;
01141021000190;0003;20240506;BA;BAZAR - SUPER                 ;000000000000.00;000000000906.84;0056.68;0000.05;000000000.00;
01141021000190;0003;20240506;BE;BEBIDAS                       ;000000000000.00;000000003509.76;0028.05;0000.21;000000000.00;
01141021000190;0003;20240506;HO;HORTIFRUTI                    ;000000000000.00;000000005366.78;0035.19;0000.32;000000000.00;
01141021000190;0003;20240506;HP;HIGIENE PESSOAL               ;000000000000.00;000000002191.78;0038.27;0000.13;000000000.00;
01141021000190;0003;20240506;LE;LATICINIOS/EMBUTIDOS          ;000000000000.00;000000003669.99;0039.73;0000.21;000000000.00;
01141021000190;0003;20240506;LI;LIMPEZA                       ;000000000000.00;000000002570.63;0048.83;0000.15;000000000.00;
01141021000190;0003;20240506;PA;PADARIA                       ;000000000000.00;000000003219.05;0055.10;0000.19;000000000.00;
01141021000190;0003;20240506;RP;RACOES PET                    ;000000000000.00;000000000415.61;0034.85;0000.02;000000000.00;
01141021000190;0003;20240506;XX;TOTAL DO DIA                  ;000000000000.00;000000034909.67;0041.80;0002.09;000053870.96;
01141021000190;0003;20240507;AC;ACOUGUE                       ;000000000000.00;000000008293.27;0040.25;0000.49;000000000.00;
01141021000190;0003;20240507;AL;ALIMENTOS                     ;000000000000.00;000000007439.58;0045.98;0000.44;000000000.00;
01141021000190;0003;20240507;BA;BAZAR - SUPER                 ;000000000000.00;000000001526.62;0054.69;0000.09;000000000.00;
01141021000190;0003;20240507;BE;BEBIDAS                       ;000000000000.00;000000005069.98;0025.41;0000.30;000000000.00;
01141021000190;0003;20240507;HO;HORTIFRUTI                    ;000000000000.00;000000005546.31;0036.96;0000.33;000000000.00;
01141021000190;0003;20240507;HP;HIGIENE PESSOAL               ;000000000000.00;000000002135.52;0038.78;0000.12;000000000.00;
01141021000190;0003;20240507;LE;LATICINIOS/EMBUTIDOS          ;000000000000.00;000000003617.05;0041.60;0000.21;000000000.00;
01141021000190;0003;20240507;LI;LIMPEZA                       ;000000000000.00;000000002623.97;0048.32;0000.15;000000000.00;
01141021000190;0003;20240507;PA;PADARIA                       ;000000000000.00;000000003358.84;0054.67;0000.20;000000000.00;
01141021000190;0003;20240507;RP;RACOES PET                    ;000000000000.00;000000000394.72;0041.03;0000.02;000000000.00;
01141021000190;0003;20240507;VE;VESTUARIO                     ;000000000000.00;000000000137.40;0056.76;0000.00;000000000.00;
01141021000190;0003;20240507;XX;TOTAL DO DIA                  ;000000000000.00;000000040143.26;0041.37;0002.40;000053870.96;
01141021000190;0003;20240508;AC;ACOUGUE                       ;000000000000.00;000000007859.18;0040.29;0000.47;000000000.00;
01141021000190;0003;20240508;AL;ALIMENTOS                     ;000000000000.00;000000009952.04;0044.09;0000.59;000000000.00;
01141021000190;0003;20240508;BA;BAZAR - SUPER                 ;000000000000.00;000000001322.92;0055.03;0000.07;000000000.00;
01141021000190;0003;20240508;BE;BEBIDAS                       ;000000000000.00;000000006391.48;0025.76;0000.38;000000000.00;
01141021000190;0003;20240508;HO;HORTIFRUTI                    ;000000000000.00;000000005020.22;0037.18;0000.30;000000000.00;
01141021000190;0003;20240508;HP;HIGIENE PESSOAL               ;000000000000.00;000000001955.28;0037.33;0000.11;000000000.00;
01141021000190;0003;20240508;LE;LATICINIOS/EMBUTIDOS          ;000000000000.00;000000004270.80;0041.78;0000.25;000000000.00;
01141021000190;0003;20240508;LI;LIMPEZA                       ;000000000000.00;000000003076.57;0042.36;0000.18;000000000.00;
01141021000190;0003;20240508;PA;PADARIA                       ;000000000000.00;000000003532.34;0055.47;0000.21;000000000.00;
01141021000190;0003;20240508;RP;RACOES PET                    ;000000000000.00;000000000751.43;0038.46;0000.04;000000000.00;
01141021000190;0003;20240508;VE;VESTUARIO                     ;000000000000.00;000000000092.20;0057.43;0000.00;000000000.00;
01141021000190;0003;20240508;XX;TOTAL DO DIA                  ;000000000000.00;000000044224.46;0040.50;0002.64;000053870.96;
01141021000190;0003;20240509;AC;ACOUGUE                       ;000000000000.00;000000016852.74;0039.53;0001.00;000000000.00;
01141021000190;0003;20240509;AL;ALIMENTOS                     ;000000000000.00;000000009936.42;0046.48;0000.59;000000000.00;
01141021000190;0003;20240509;BA;BAZAR - SUPER                 ;000000000000.00;000000001265.91;0056.06;0000.07;000000000.00;
01141021000190;0003;20240509;BE;BEBIDAS                       ;000000000000.00;000000011973.15;0024.10;0000.71;000000000.00;
01141021000190;0003;20240509;HO;HORTIFRUTI                    ;000000000000.00;000000006665.78;0033.20;0000.39;000000000.00;
01141021000190;0003;20240509;HP;HIGIENE PESSOAL               ;000000000000.00;000000002004.37;0038.52;0000.12;000000000.00;
01141021000190;0003;20240509;LE;LATICINIOS/EMBUTIDOS          ;000000000000.00;000000006161.76;0041.19;0000.36;000000000.00;
01141021000190;0003;20240509;LI;LIMPEZA                       ;000000000000.00;000000002738.94;0046.06;0000.16;000000000.00;
01141021000190;0003;20240509;PA;PADARIA                       ;000000000000.00;000000003975.50;0054.03;0000.23;000000000.00;
01141021000190;0003;20240509;RP;RACOES PET                    ;000000000000.00;000000000720.04;0045.26;0000.04;000000000.00;
01141021000190;0003;20240509;XX;TOTAL DO DIA                  ;000000000000.00;000000062294.61;0038.74;0003.73;000053870.96;
01141021000190;0003;20240510;AC;ACOUGUE                       ;000000000000.00;000000026623.03;0040.17;0001.59;000000000.00;
01141021000190;0003;20240510;AL;ALIMENTOS                     ;000000000000.00;000000014549.34;0046.21;0000.87;000000000.00;
01141021000190;0003;20240510;BA;BAZAR - SUPER                 ;000000000000.00;000000002966.23;0055.91;0000.17;000000000.00;
01141021000190;0003;20240510;BE;BEBIDAS                       ;000000000000.00;000000017254.49;0022.86;0001.03;000000000.00;
01141021000190;0003;20240510;HO;HORTIFRUTI                    ;000000000000.00;000000010159.96;0030.59;0000.60;000000000.00;
01141021000190;0003;20240510;HP;HIGIENE PESSOAL               ;000000000000.00;000000003105.81;0039.09;0000.18;000000000.00;
01141021000190;0003;20240510;LE;LATICINIOS/EMBUTIDOS          ;000000000000.00;000000008244.13;0041.52;0000.49;000000000.00;
01141021000190;0003;20240510;LI;LIMPEZA                       ;000000000000.00;000000005067.04;0045.90;0000.30;000000000.00;
01141021000190;0003;20240510;PA;PADARIA                       ;000000000000.00;000000004588.25;0053.79;0000.27;000000000.00;
01141021000190;0003;20240510;RP;RACOES PET                    ;000000000000.00;000000000743.92;0040.18;0000.04;000000000.00;
01141021000190;0003;20240510;VE;VESTUARIO                     ;000000000000.00;000000000010.75;0059.33;0000.00;000000000.00;
01141021000190;0003;20240510;XX;TOTAL DO DIA                  ;000000000000.00;000000093312.95;0038.43;0005.58;000053870.96;
01141021000190;0003;20240511;AC;ACOUGUE                       ;000000000000.00;000000015966.37;0039.27;0000.95;000000000.00;
01141021000190;0003;20240511;AL;ALIMENTOS                     ;000000000000.00;000000005957.72;0047.60;0000.35;000000000.00;
01141021000190;0003;20240511;BA;BAZAR - SUPER                 ;000000000000.00;000000000819.95;0054.90;0000.04;000000000.00;
01141021000190;0003;20240511;BE;BEBIDAS                       ;000000000000.00;000000008400.41;0021.35;0000.50;000000000.00;
01141021000190;0003;20240511;HO;HORTIFRUTI                    ;000000000000.00;000000003881.65;0033.23;0000.23;000000000.00;
01141021000190;0003;20240511;HP;HIGIENE PESSOAL               ;000000000000.00;000000001612.29;0038.00;0000.09;000000000.00;
01141021000190;0003;20240511;LE;LATICINIOS/EMBUTIDOS          ;000000000000.00;000000004492.29;0039.67;0000.26;000000000.00;
01141021000190;0003;20240511;LI;LIMPEZA                       ;000000000000.00;000000001976.31;0047.80;0000.11;000000000.00;
01141021000190;0003;20240511;PA;PADARIA                       ;000000000000.00;000000001845.56;0051.86;0000.11;000000000.00;
01141021000190;0003;20240511;RP;RACOES PET                    ;000000000000.00;000000000069.80;0042.47;0000.00;000000000.00;
01141021000190;0003;20240511;VE;VESTUARIO                     ;000000000000.00;000000000075.30;0060.56;0000.00;000000000.00;
01141021000190;0003;20240511;XX;TOTAL DO DIA                  ;000000000000.00;000000045097.65;0037.72;0002.70;000053870.96;
01141021000190;0003;20240512;AC;ACOUGUE                       ;000000000000.00;000000010080.46;0039.64;0000.60;000000000.00;
01141021000190;0003;20240512;AL;ALIMENTOS                     ;000000000000.00;000000009324.83;0046.84;0000.55;000000000.00;
01141021000190;0003;20240512;BA;BAZAR - SUPER                 ;000000000000.00;000000001295.82;0055.43;0000.07;000000000.00;
01141021000190;0003;20240512;BE;BEBIDAS                       ;000000000000.00;000000007662.06;0027.20;0000.45;000000000.00;
01141021000190;0003;20240512;HO;HORTIFRUTI                    ;000000000000.00;000000006127.43;0032.81;0000.36;000000000.00;
01141021000190;0003;20240512;HP;HIGIENE PESSOAL               ;000000000000.00;000000001719.74;0037.65;0000.10;000000000.00;
01141021000190;0003;20240512;LE;LATICINIOS/EMBUTIDOS          ;000000000000.00;000000006299.78;0041.35;0000.37;000000000.00;
01141021000190;0003;20240512;LI;LIMPEZA                       ;000000000000.00;000000002712.25;0046.76;0000.16;000000000.00;
01141021000190;0003;20240512;PA;PADARIA                       ;000000000000.00;000000004112.01;0054.50;0000.24;000000000.00;
01141021000190;0003;20240512;RP;RACOES PET                    ;000000000000.00;000000000384.14;0042.79;0000.02;000000000.00;
01141021000190;0003;20240512;XX;TOTAL DO DIA                  ;000000000000.00;000000049718.52;0040.43;0002.97;000053870.96;
01141021000190;0003;20240514;AC;ACOUGUE                       ;000000000000.00;000000007133.76;0041.15;0000.42;000000000.00;
01141021000190;0003;20240514;AL;ALIMENTOS                     ;000000000000.00;000000009440.00;0047.06;0000.56;000000000.00;
01141021000190;0003;20240514;BA;BAZAR - SUPER                 ;000000000000.00;000000001503.32;0056.34;0000.09;000000000.00;
01141021000190;0003;20240514;BE;BEBIDAS                       ;000000000000.00;000000002849.71;0025.72;0000.17;000000000.00;
01141021000190;0003;20240514;HO;HORTIFRUTI                    ;000000000000.00;000000005986.61;0035.93;0000.35;000000000.00;
01141021000190;0003;20240514;HP;HIGIENE PESSOAL               ;000000000000.00;000000001705.45;0038.15;0000.10;000000000.00;
01141021000190;0003;20240514;LE;LATICINIOS/EMBUTIDOS          ;000000000000.00;000000003913.67;0043.79;0000.23;000000000.00;
01141021000190;0003;20240514;LI;LIMPEZA                       ;000000000000.00;000000002348.39;0047.80;0000.14;000000000.00;
01141021000190;0003;20240514;PA;PADARIA                       ;000000000000.00;000000003573.42;0055.41;0000.21;000000000.00;
01141021000190;0003;20240514;RP;RACOES PET                    ;000000000000.00;000000000457.49;0038.25;0000.02;000000000.00;
01141021000190;0003;20240514;VE;VESTUARIO                     ;000000000000.00;000000000034.90;0056.55;0000.00;000000000.00;
01141021000190;0003;20240514;XX;TOTAL DO DIA                  ;000000000000.00;000000038946.72;0043.06;0002.33;000053870.96;
01141021000190;0003;20240515;AC;ACOUGUE                       ;000000000000.00;000000006996.47;0040.16;0000.41;000000000.00;
01141021000190;0003;20240515;AL;ALIMENTOS                     ;000000000000.00;000000008957.71;0045.67;0000.53;000000000.00;
01141021000190;0003;20240515;BA;BAZAR - SUPER                 ;000000000000.00;000000001353.76;0053.26;0000.08;000000000.00;
01141021000190;0003;20240515;BE;BEBIDAS                       ;000000000000.00;000000004428.73;0029.35;0000.26;000000000.00;
01141021000190;0003;20240515;HO;HORTIFRUTI                    ;000000000000.00;000000004979.74;0037.42;0000.29;000000000.00;
01141021000190;0003;20240515;HP;HIGIENE PESSOAL               ;000000000000.00;000000001612.39;0038.17;0000.09;000000000.00;
01141021000190;0003;20240515;LE;LATICINIOS/EMBUTIDOS          ;000000000000.00;000000003817.97;0043.81;0000.22;000000000.00;
01141021000190;0003;20240515;LI;LIMPEZA                       ;000000000000.00;000000003229.48;0043.43;0000.19;000000000.00;
01141021000190;0003;20240515;PA;PADARIA                       ;000000000000.00;000000004188.03;0054.46;0000.25;000000000.00;
01141021000190;0003;20240515;RP;RACOES PET                    ;000000000000.00;000000000364.71;0041.42;0000.02;000000000.00;
01141021000190;0003;20240515;XX;TOTAL DO DIA                  ;000000000000.00;000000039928.99;0042.34;0002.39;000053870.96;
01141021000190;0003;20240516;AC;ACOUGUE                       ;000000000000.00;000000010747.10;0040.44;0000.64;000000000.00;
01141021000190;0003;20240516;AL;ALIMENTOS                     ;000000000000.00;000000008598.26;0044.69;0000.51;000000000.00;
01141021000190;0003;20240516;BA;BAZAR - SUPER                 ;000000000000.00;000000001734.28;0054.52;0000.10;000000000.00;
01141021000190;0003;20240516;BE;BEBIDAS                       ;000000000000.00;000000006364.89;0025.57;0000.38;000000000.00;
01141021000190;0003;20240516;HO;HORTIFRUTI                    ;000000000000.00;000000005760.80;0035.09;0000.34;000000000.00;
01141021000190;0003;20240516;HP;HIGIENE PESSOAL               ;000000000000.00;000000002004.94;0037.76;0000.12;000000000.00;
01141021000190;0003;20240516;LE;LATICINIOS/EMBUTIDOS          ;000000000000.00;000000004539.96;0042.15;0000.27;000000000.00;
01141021000190;0003;20240516;LI;LIMPEZA                       ;000000000000.00;000000002344.33;0044.24;0000.14;000000000.00;
01141021000190;0003;20240516;PA;PADARIA                       ;000000000000.00;000000004355.16;0055.23;0000.26;000000000.00;
01141021000190;0003;20240516;RP;RACOES PET                    ;000000000000.00;000000000408.17;0042.45;0000.02;000000000.00;
01141021000190;0003;20240516;VE;VESTUARIO                     ;000000000000.00;000000000106.06;0060.53;0000.00;000000000.00;
01141021000190;0003;20240516;XX;TOTAL DO DIA                  ;000000000000.00;000000046963.95;0040.74;0002.81;000053870.96;
01141021000190;0003;20240517;AC;ACOUGUE                       ;000000000000.00;000000019494.49;0039.53;0001.16;000000000.00;
01141021000190;0003;20240517;AL;ALIMENTOS                     ;000000000000.00;000000014069.54;0045.76;0000.84;000000000.00;
01141021000190;0003;20240517;BA;BAZAR - SUPER                 ;000000000000.00;000000002889.06;0055.59;0000.17;000000000.00;
01141021000190;0003;20240517;BE;BEBIDAS                       ;000000000000.00;000000009906.09;0024.21;0000.59;000000000.00;
01141021000190;0003;20240517;HO;HORTIFRUTI                    ;000000000000.00;000000007179.04;0034.45;0000.42;000000000.00;
01141021000190;0003;20240517;HP;HIGIENE PESSOAL               ;000000000000.00;000000002843.00;0038.60;0000.17;000000000.00;
01141021000190;0003;20240517;LE;LATICINIOS/EMBUTIDOS          ;000000000000.00;000000006963.55;0041.80;0000.41;000000000.00;
01141021000190;0003;20240517;LI;LIMPEZA                       ;000000000000.00;000000004580.94;0047.89;0000.27;000000000.00;
01141021000190;0003;20240517;PA;PADARIA                       ;000000000000.00;000000004149.40;0054.23;0000.24;000000000.00;
01141021000190;0003;20240517;RP;RACOES PET                    ;000000000000.00;000000000544.73;0042.51;0000.03;000000000.00;
01141021000190;0003;20240517;VE;VESTUARIO                     ;000000000000.00;000000000050.85;0060.28;0000.00;000000000.00;
01141021000190;0003;20240517;XX;TOTAL DO DIA                  ;000000000000.00;000000072670.69;0040.36;0004.35;000053870.96;
01141021000190;0003;20240518;AC;ACOUGUE                       ;000000000000.00;000000016482.57;0040.46;0000.98;000000000.00;
01141021000190;0003;20240518;AL;ALIMENTOS                     ;000000000000.00;000000006252.42;0044.82;0000.37;000000000.00;
01141021000190;0003;20240518;BA;BAZAR - SUPER                 ;000000000000.00;000000001143.13;0055.00;0000.06;000000000.00;
01141021000190;0003;20240518;BE;BEBIDAS                       ;000000000000.00;000000006384.62;0021.64;0000.38;000000000.00;
01141021000190;0003;20240518;HO;HORTIFRUTI                    ;000000000000.00;000000003610.42;0034.39;0000.21;000000000.00;
01141021000190;0003;20240518;HP;HIGIENE PESSOAL               ;000000000000.00;000000000937.06;0037.89;0000.05;000000000.00;
01141021000190;0003;20240518;LE;LATICINIOS/EMBUTIDOS          ;000000000000.00;000000003088.45;0040.77;0000.18;000000000.00;
01141021000190;0003;20240518;LI;LIMPEZA                       ;000000000000.00;000000001909.15;0049.38;0000.11;000000000.00;
01141021000190;0003;20240518;PA;PADARIA                       ;000000000000.00;000000001595.22;0051.82;0000.09;000000000.00;
01141021000190;0003;20240518;RP;RACOES PET                    ;000000000000.00;000000000361.14;0042.80;0000.02;000000000.00;
01141021000190;0003;20240518;VE;VESTUARIO                     ;000000000000.00;000000000020.89;0057.19;0000.00;000000000.00;
01141021000190;0003;20240518;XX;TOTAL DO DIA                  ;000000000000.00;000000041785.07;0038.94;0002.50;000053870.96;
01141021000190;0003;20240519;AC;ACOUGUE                       ;000000000000.00;000000005394.24;0041.93;0000.32;000000000.00;
01141021000190;0003;20240519;AL;ALIMENTOS                     ;000000000000.00;000000006781.01;0045.20;0000.40;000000000.00;
01141021000190;0003;20240519;BA;BAZAR - SUPER                 ;000000000000.00;000000001906.30;0053.54;0000.11;000000000.00;
01141021000190;0003;20240519;BE;BEBIDAS                       ;000000000000.00;000000003159.98;0029.26;0000.18;000000000.00;
01141021000190;0003;20240519;HO;HORTIFRUTI                    ;000000000000.00;000000004980.67;0035.56;0000.29;000000000.00;
01141021000190;0003;20240519;HP;HIGIENE PESSOAL               ;000000000000.00;000000001592.11;0038.65;0000.09;000000000.00;
01141021000190;0003;20240519;LE;LATICINIOS/EMBUTIDOS          ;000000000000.00;000000003317.40;0043.13;0000.19;000000000.00;
01141021000190;0003;20240519;LI;LIMPEZA                       ;000000000000.00;000000002263.59;0046.65;0000.13;000000000.00;
01141021000190;0003;20240519;PA;PADARIA                       ;000000000000.00;000000003167.97;0053.85;0000.18;000000000.00;
01141021000190;0003;20240519;RP;RACOES PET                    ;000000000000.00;000000000429.09;0042.81;0000.02;000000000.00;
01141021000190;0003;20240519;XX;TOTAL DO DIA                  ;000000000000.00;000000032992.36;0042.53;0001.97;000053870.96;